,Dp,YEAR,MO,DY,HR,MN,Hs,Tp,Ta,Temp,lag,time_sin,time_sin_no_year,season
12,357,2018,1,1,0,51,2.41,6.25,5.23,11.0,9,-1.27042337791827,-1.5193851307238497e-11,1
13,359,2018,1,1,1,21,2.49,6.25,5.24,10.9,357,-1.11236338880187,2.6450815982223697e-11,1
15,359,2018,1,1,2,21,2.28,6.67,5.18,10.9,0,-0.7962434105690741,-6.67517126578672e-12,1
151,352,2018,1,3,22,21,1.37,4.55,4.09,8.2,12,-9.102407278434391,6.90641324081999e-11,1
152,355,2018,1,3,22,51,1.65,4.76,4.23,8.1,352,-8.944347289318,-5.70652212927276e-12,1
153,353,2018,1,3,23,21,1.7,5.0,4.42,8.2,355,-8.7862873002016,3.5938145160189396e-11,1
154,356,2018,1,3,23,51,1.94,5.56,4.69,8.2,353,-8.628227311085201,7.75828124496516e-11,1
168,348,2018,1,4,6,51,4.9,7.69,6.73,9.3,87,-6.415387463455651,7.853154536744821e-11,1
169,355,2018,1,4,7,21,5.8,7.69,7.11,9.2,348,-6.257327474339251,3.760890829975561e-12,1
228,357,2018,1,5,12,51,2.42,6.67,5.73,7.4,30,3.06821188352817,1.6074502542613602e-11,1
230,359,2018,1,5,13,51,2.31,6.67,5.52,7.4,16,3.3843318617609706,-1.70514847053968e-11,1
238,356,2018,1,5,17,51,1.89,6.25,5.09,7.1,10,-10.2523494191555,8.327520995643101e-11,1
240,355,2018,1,5,18,51,1.78,6.25,5.14,7.0,4,-9.93622944092272,5.01492227084206e-11,1
241,357,2018,1,5,19,21,1.68,5.88,4.9,7.0,355,-9.77816945180632,-2.4621431829052e-11,1
242,357,2018,1,5,19,51,1.69,6.25,4.98,7.1,357,-9.62010946268992,1.70232354604102e-11,1
243,349,2018,1,5,20,21,1.58,5.88,4.89,7.1,357,-9.46204947357353,5.86679027498724e-11,1
244,346,2018,1,5,20,51,1.54,5.56,4.83,7.1,349,-9.30398948445713,-1.61027517876003e-11,1
246,356,2018,1,5,21,51,1.53,5.88,4.57,7.1,19,-8.98786950622434,6.71865827913241e-11,1
247,355,2018,1,5,22,21,1.52,5.88,4.64,7.1,356,-8.82980951710794,-7.58407174614852e-12,1
248,343,2018,1,5,22,51,1.49,5.56,4.54,7.0,355,-8.67174952799154,3.4060595543313705e-11,1
249,342,2018,1,5,23,21,1.5,5.56,4.72,7.1,343,-8.51368953887515,7.570526283277592e-11,1
250,343,2018,1,5,23,51,1.64,5.88,4.84,6.9,342,-8.355629549758751,9.3460829530323e-13,1
251,346,2018,1,6,0,21,1.69,5.88,4.93,7.0,343,-8.19756956064235,4.257927558476539e-11,1
252,348,2018,1,6,0,51,1.62,5.88,4.83,6.9,346,-8.03950957152595,8.422394287422759e-11,1
253,349,2018,1,6,1,21,1.6,5.88,4.96,6.9,348,-7.88144958240956,9.45328833675498e-12,1
254,345,2018,1,6,1,51,1.62,5.88,5.02,6.9,349,-7.72338959329316,5.1097955626217204e-11,1
255,341,2018,1,6,2,21,1.56,5.88,4.89,6.9,345,-7.5653296041767595,-2.36726989112555e-11,1
256,353,2018,1,6,2,51,1.55,6.25,4.94,6.8,341,-7.40726961506037,1.79719683782067e-11,1
258,346,2018,1,6,3,51,1.68,5.88,4.93,6.9,0,-7.09114963682757,-1.51540188698037e-11,1
261,353,2018,1,6,5,21,1.75,5.88,4.86,6.7,10,-6.6169696694783795,-6.63533882835195e-12,1
262,352,2018,1,6,5,51,1.71,5.88,4.88,6.7,353,-6.45890968036198,3.50093284611102e-11,1
263,357,2018,1,6,6,21,1.63,5.88,4.69,6.5,352,-6.300849691245589,7.66539957505724e-11,1
264,350,2018,1,6,6,51,1.61,5.88,4.71,6.6,357,-6.14278970212919,1.8833412130998e-12,1
265,357,2018,1,6,7,21,1.7,6.25,4.75,6.6,350,-5.98472971301279,4.3528008502562e-11,1
266,352,2018,1,6,7,51,1.71,6.25,4.94,6.6,357,-5.826669723896401,8.51726757920242e-11,1
268,355,2018,1,6,8,51,1.77,5.88,5.14,6.4,0,-5.5105497456636,5.20466885440137e-11,1
270,359,2018,1,6,9,51,1.81,6.25,5.04,6.4,30,-5.19442976743081,1.89207012960033e-11,1
273,350,2018,1,6,11,21,1.79,6.25,5.06,6.3,9,-4.72024980008162,2.7439381337455103e-11,1
274,357,2018,1,6,11,51,1.81,6.67,5.16,6.3,350,-4.5621898109652195,6.90840486269173e-11,1
275,359,2018,1,6,12,21,1.79,6.67,5.26,6.3,357,-4.40412982184882,-5.686605910555379e-12,1
281,356,2018,1,6,15,21,1.89,6.25,5.4,6.4,12,-3.4557698871504403,1.1350754172348101e-11,1
626,353,2018,1,13,19,51,2.29,5.26,5.4,13.9,127,-8.5297184173841,5.96763843238211e-11,1
628,348,2018,1,13,20,51,2.65,5.88,5.63,13.8,124,-8.21359843915131,2.6550397075810603e-11,1
629,353,2018,1,13,21,21,2.7,5.88,5.73,13.6,348,-8.055538450034911,6.819506436527279e-11,1
630,348,2018,1,13,21,51,2.74,6.25,5.79,13.4,353,-7.89747846091851,-6.5755901721998e-12,1
631,356,2018,1,13,22,21,2.86,6.25,5.76,13.0,348,-7.739418471802111,3.5069077117262395e-11,1
642,359,2018,1,14,3,51,2.67,6.67,5.6,13.5,3,-6.000758591521749,2.7499129993607197e-11,1
1570,346,2018,2,2,11,51,1.54,4.76,4.49,6.2,139,-3.4717987656593996,-4.67812433660666e-12,1
1571,345,2018,2,2,12,21,1.63,5.0,4.57,6.4,346,-3.3137387765429995,3.6966542952855504e-11,1
1572,348,2018,2,2,12,51,1.7,5.56,4.76,6.4,345,-3.1556787874266,7.86112102423177e-11,1
1573,345,2018,2,2,13,21,1.66,5.26,4.78,6.4,348,-2.9976187983102,3.84055570484509e-12,1
1574,356,2018,2,2,13,51,1.63,5.88,4.89,6.5,345,-2.8395588091938104,4.5485222994307296e-11,1
1575,349,2018,2,2,14,21,1.58,5.88,5.0,6.7,356,-2.68149882007741,-2.92854315431653e-11,1
1576,359,2018,2,2,14,51,1.52,5.88,5.0,6.6,349,-2.52343883096101,1.2359235746296801e-11,1
1579,359,2018,2,2,16,21,1.3,5.88,4.97,6.5,4,-2.04925886361182,2.08779157877486e-11,1
2066,359,2018,2,12,19,51,1.56,4.35,4.7,7.7,152,0.4201498668352371,4.55648878691768e-11,1
2908,297,2018,3,2,8,51,2.17,4.55,4.96,9.0,152,-2.78457213239904,-1.59434220378612e-11,1
2909,305,2018,3,2,9,21,1.92,4.76,4.79,8.9,297,-2.6265121432826404,2.5701245251601e-11,1
2910,312,2018,3,2,9,51,2.04,5.0,4.89,8.8,305,-2.46845215416625,6.73459125410632e-11,1
2911,305,2018,3,2,10,21,2.13,4.76,4.9,8.8,312,-2.31039216504985,-7.42474199640945e-12,1
2912,319,2018,3,2,10,51,2.01,5.56,4.74,8.7,305,-2.15233217593345,3.4219925293052696e-11,1
2913,318,2018,3,2,11,21,2.22,5.26,4.87,8.6,319,-1.99427218681706,7.58645925825149e-11,1
2914,329,2018,3,2,11,51,2.11,5.88,4.81,8.6,318,-1.83621219770066,1.0939380450423e-12,1
2915,317,2018,3,2,12,21,2.26,5.56,4.79,8.6,329,-1.67815220858426,4.27386053345045e-11,1
2916,312,2018,3,2,12,51,2.35,5.56,4.98,8.6,317,-1.52009221946786,-3.20320492029681e-11,1
2917,318,2018,3,2,13,21,2.35,5.56,4.92,8.6,312,-1.36203223035147,9.61261808649405e-12,1
2918,319,2018,3,2,13,51,2.35,5.88,4.85,8.6,318,-1.2039722412350702,5.12572853759562e-11,1
2919,332,2018,3,2,14,21,2.44,6.25,4.96,8.6,319,-1.0459122521186701,-2.35133691615164e-11,1
2920,332,2018,3,2,14,51,2.49,6.25,5.03,8.6,332,-0.887852263002277,1.8131298127945802e-11,1
2921,334,2018,3,2,15,21,2.34,5.88,5.0,8.5,332,-0.72979227388588,5.9775965417408e-11,1
2922,321,2018,3,2,15,51,2.49,5.26,4.99,8.6,334,-0.5717322847694829,-1.49946891200646e-11,1
2923,329,2018,3,2,16,21,2.38,5.88,5.02,8.5,321,-0.413672295653086,2.6649978169397604e-11,1
2924,331,2018,3,2,16,51,2.44,5.56,5.07,8.6,329,-0.255612306536689,6.82946454588598e-11,1
2925,338,2018,3,2,17,21,2.46,6.25,5.16,8.6,331,-0.097552317420292,-6.47600907861288e-12,1
2926,357,2018,3,2,17,51,2.57,7.14,5.18,8.6,338,0.06050767169610599,3.51686582108493e-11,1
2927,343,2018,3,2,18,21,2.51,6.67,5.1,8.6,357,0.21856766081250198,7.68133255003115e-11,1
2928,339,2018,3,2,18,51,2.61,5.88,5.17,8.6,343,0.37662764992889897,2.04267096283887e-12,1
2929,342,2018,3,2,19,21,2.83,6.25,5.46,8.6,339,0.534687639045296,4.36873382523011e-11,1
2931,342,2018,3,2,20,21,2.98,6.25,5.65,8.6,6,0.8508076172780911,1.05613510042906e-11,1
2933,352,2018,3,2,21,21,2.96,7.14,5.89,8.6,3,1.16692759551088,-2.25646362437198e-11,1
2935,359,2018,3,2,22,21,3.18,7.69,6.0,8.5,0,1.48304757374368,6.07246983352046e-11,1
2939,352,2018,3,3,0,21,3.21,7.69,5.94,8.3,10,2.11528753020927,-5.5272761608163095e-12,1
2940,345,2018,3,3,0,51,3.33,7.14,6.15,8.2,352,2.27334751932566,3.61173911286459e-11,1
3519,342,2018,3,15,2,21,1.49,5.26,4.72,6.5,66,-10.518047139214099,-7.799527361720821e-12,1
3520,341,2018,3,15,2,51,1.3,5.26,4.44,6.5,342,-10.3599871500977,3.3845139927741396e-11,1
3523,341,2018,3,15,4,21,1.45,5.26,4.48,6.4,66,-9.885807182748481,4.2363819969193104e-11,1
3524,339,2018,3,15,4,51,1.52,5.56,4.51,6.4,341,-9.72774719363208,2.5800826345187897e-11,1
3526,325,2018,3,15,5,51,1.48,4.55,4.47,6.4,69,-9.411627215399289,-7.32516090282253e-12,1
3527,336,2018,3,15,6,21,1.54,5.26,4.58,6.4,325,-9.253567226282891,3.43195063866397e-11,1
3528,329,2018,3,15,6,51,1.48,5.0,4.61,6.3,336,-9.09550723716649,1.77565127626344e-11,1
3529,335,2018,3,15,7,21,1.5,5.56,4.62,6.4,329,-8.9374472480501,1.19351913862922e-12,1
3530,332,2018,3,15,7,51,1.5,5.56,4.63,6.4,335,-8.779387258933701,4.2838186428091394e-11,1
3531,334,2018,3,15,8,21,1.5,5.26,4.63,6.4,332,-8.6213272698173,2.6275192804086197e-11,1
3532,331,2018,3,15,8,51,1.55,5.0,4.64,6.3,334,-8.4632672807009,9.71219918008097e-12,1
3533,336,2018,3,15,9,21,1.5,5.88,4.71,6.3,331,-8.305207291584509,-6.850794443924251e-12,1
3534,322,2018,3,15,9,51,1.37,4.55,4.48,6.2,336,-8.14714730246811,3.47938728455379e-11,1
3535,339,2018,3,15,10,21,1.26,5.56,4.51,6.2,322,-7.9890873133517095,1.8230879221532702e-11,1
3537,341,2018,3,15,11,21,1.18,5.56,4.55,6.2,13,-7.67296733511892,4.33125528869897e-11,1
3538,343,2018,3,15,11,51,1.21,5.56,4.49,6.2,341,-7.514907346002519,2.6749559262984503e-11,1
3539,342,2018,3,15,12,21,1.15,5.88,4.38,6.2,343,-7.35684735688613,1.01865656389793e-11,1
3540,341,2018,3,15,12,51,1.14,5.26,4.24,6.1,342,-7.1987873677697305,-6.37642798502596e-12,1
3542,353,2018,3,15,13,51,1.03,5.88,4.36,6.1,23,-6.8826673895369295,1.8705245680431e-11,1
3544,353,2018,3,15,14,51,1.0,5.56,4.34,6.1,45,-6.56654741130414,4.3786919345888e-11,1
3549,214,2018,3,15,17,21,1.09,3.57,3.74,6.3,211,-5.77624746572216,1.9179612139329298e-11,1
3801,338,2018,3,20,23,21,2.19,5.56,4.83,8.8,31,4.252547403914581,3.62568046596676e-11,1
3802,357,2018,3,20,23,51,2.41,6.25,5.03,9.6,338,-10.490553800816699,1.96938110356623e-11,1
3803,345,2018,3,21,0,21,2.27,5.56,5.06,9.4,357,-10.332493811700301,3.13081741165713e-12,1
3805,359,2018,3,21,1,21,2.37,6.25,5.37,8.7,35,-10.016373833467501,2.82124910771141e-11,1
4293,359,2018,3,31,5,21,1.25,4.35,4.51,8.7,7,-7.38890511390404,3.6336469534537106e-11,1
4296,359,2018,3,31,6,51,1.18,4.35,4.32,8.6,0,-6.91472514655484,-1.3352511337478599e-11,1
4298,356,2018,3,31,7,51,1.07,4.55,4.31,8.7,0,-6.59860516832205,1.1729162327978401e-11,1
4303,356,2018,3,31,10,21,1.19,4.76,4.16,8.4,3,-5.80830522274006,-1.28781448785803e-11,1
4311,359,2018,3,31,14,21,1.19,4.55,4.35,8.6,12,-4.54382530980889,2.92408888697802e-11,1
4416,359,2018,4,2,18,51,0.9,3.12,3.41,11.8,107,2.01221421788764,7.81473334448783e-12,2
5246,359,2018,4,20,1,51,1.54,5.0,4.75,11.1,17,-0.908445560131758,-2.46199900153538e-12,2
5250,355,2018,4,20,3,51,2.18,5.56,4.9,11.1,0,-0.27620560366617,-1.0506312584088801e-11,2
5253,353,2018,4,20,5,21,2.59,6.25,5.36,11.1,2,0.19797436368302104,-1.9876325426371e-12,2
5254,357,2018,4,20,5,51,2.59,7.14,5.35,11.1,353,0.356034352799418,3.9657034746825104e-11,2
5258,356,2018,4,20,7,51,2.31,6.67,5.16,11.0,3,0.988274309265006,3.16127211642716e-11,2
5693,353,2018,4,29,9,21,1.06,3.23,3.61,13.8,111,-4.76143639434058,1.53566175352264e-11,2
5694,357,2018,4,29,9,51,1.17,3.57,3.79,13.5,353,-4.6033764052241795,-1.2063760887788201e-12,2
5695,356,2018,4,29,10,21,1.3,3.85,3.94,13.7,357,-4.44531641610778,1.13344607439497e-11,2
5696,356,2018,4,29,10,51,1.38,4.55,3.98,14.1,356,-4.28725642699139,-5.22853288005556e-12,2
5697,357,2018,4,29,11,21,1.42,4.55,4.07,14.2,356,-4.12919643787499,7.31230395267293e-12,2
5698,355,2018,4,29,11,51,1.5,5.0,4.24,14.0,357,-3.97113644875859,1.9853140785401398e-11,2
5700,359,2018,4,29,12,51,1.57,5.26,4.34,13.4,4,-3.6550164705258,1.58309839941247e-11,2
5701,348,2018,4,29,13,21,1.73,5.88,4.48,13.2,359,-3.4969564814094003,-7.320096298805391e-13,2
5702,348,2018,4,29,13,51,2.06,5.56,4.79,12.9,348,-3.3388964922930096,1.18088272028479e-11,2
5703,353,2018,4,29,14,21,1.95,5.56,4.69,12.6,348,-3.18083650317661,-4.7541664211572695e-12,2
5704,355,2018,4,29,14,51,1.78,5.88,4.6,12.5,353,-3.02277651406021,7.78667041157121e-12,2
5705,356,2018,4,29,15,21,1.76,5.56,4.52,12.3,355,-2.8647165249438102,2.0327507244299698e-11,2
5706,355,2018,4,29,15,51,1.67,5.88,4.39,12.2,356,-2.70665653582742,3.76451362029448e-12,2
5707,356,2018,4,29,16,21,1.69,5.56,4.48,12.0,355,-2.54859654671102,1.6305350453023002e-11,2
5711,359,2018,4,29,18,21,1.49,5.56,4.35,11.9,7,-1.9163565902454298,8.2610368704695e-12,2
5747,357,2018,4,30,12,21,0.8,4.76,4.88,11.5,96,3.77380301794486,-5.930124459044289e-12,2
5750,355,2018,4,30,13,51,0.86,5.0,5.0,11.9,0,4.24798298529405,2.58855558240746e-12,2
5751,356,2018,4,30,14,21,0.93,5.26,5.2,12.0,355,-10.495118219437199,1.51293924151359e-11,2
5752,342,2018,4,30,14,51,0.84,4.76,5.14,12.1,356,-10.337058230320801,-1.4336012088692799e-12,2
5753,357,2018,4,30,15,21,0.82,5.0,5.13,12.2,342,-10.1789982412044,1.1107235623859199e-11,2
7784,359,2018,6,11,22,51,1.68,6.67,4.68,23.1,9,0.323976595781509,7.59927772891553e-12,2
8187,348,2018,6,20,8,21,0.78,3.85,3.55,25.6,110,-10.483653759548801,-2.50997815316938e-12,2
8188,348,2018,6,20,8,51,0.77,3.85,3.57,25.5,348,-10.3255937704324,1.00308586795591e-11,2
8189,345,2018,6,20,9,21,0.85,3.85,3.56,25.5,348,-10.167533781316001,8.01978028392074e-12,2
8190,355,2018,6,20,9,51,0.78,3.57,3.66,25.2,345,-10.0094737921996,6.00870188828237e-12,2
11264,348,2018,8,23,10,51,1.14,4.17,4.17,24.8,159,1.4372965608641899,-1.4130145001017903e-11,3
11265,356,2018,8,23,11,21,1.19,4.17,4.11,24.8,348,1.59535654998059,-1.58930816828942e-12,3
11266,349,2018,8,23,11,51,1.31,4.55,4.2,24.8,356,1.75341653909698,-1.8152301792294603e-11,3
11267,357,2018,8,23,12,21,1.35,4.55,4.19,24.8,349,1.9114765282133799,-5.61146495956616e-12,3
11268,352,2018,8,23,12,51,1.31,4.76,4.16,24.9,357,2.06953651732978,6.92937187316233e-12,3
11269,349,2018,8,23,13,21,1.32,5.0,4.27,24.8,352,2.22759650644617,-9.63362175084289e-12,3
11270,342,2018,8,23,13,51,1.32,4.76,4.16,24.9,349,2.3856564955625696,2.9072150818856e-12,3
11271,348,2018,8,23,14,21,1.28,5.0,4.14,25.0,342,2.54371648467897,-1.36557785421196e-11,3
11272,345,2018,8,23,14,51,1.25,4.76,4.07,25.2,348,2.70177647379537,-1.1149417093911399e-12,3
11273,345,2018,8,23,15,21,1.17,5.0,4.06,25.2,345,2.8598364629117596,-1.7677935333396397e-11,3
11274,348,2018,8,23,15,51,1.24,5.0,4.12,25.1,345,3.01789645202816,-5.137098500667871e-12,3
11275,357,2018,8,23,16,21,1.24,5.26,4.18,25.5,348,3.1759564411445598,7.40373833206061e-12,3
11276,346,2018,8,23,16,51,1.23,5.0,4.13,25.7,357,3.3340164302609505,-9.159255291944599e-12,3
11277,357,2018,8,23,17,21,1.24,5.26,4.16,26.0,346,3.49207641937735,3.3815815407838795e-12,3
11278,352,2018,8,23,17,51,1.31,5.0,4.33,26.1,357,3.65013640849375,-1.31814120832213e-11,3
11279,345,2018,8,23,18,21,1.32,5.26,4.44,26.3,352,3.80819639761014,-6.405752504928521e-13,3
11280,359,2018,8,23,18,51,1.4,5.56,4.6,26.5,345,3.96625638672654,-1.7203568874498097e-11,3
11281,357,2018,8,23,19,21,1.33,5.56,4.53,26.5,359,4.12431637584294,-4.6627320417695895e-12,3
11282,356,2018,8,23,19,51,1.36,5.26,4.56,26.5,357,4.28237636495934,-2.1225725665774803e-11,3
11285,359,2018,8,23,21,21,1.27,5.56,4.57,26.6,2,-10.144604861539099,-1.2707045624323098e-11,3
11291,359,2018,8,24,0,21,1.12,5.26,4.27,26.5,19,-9.19624492684075,4.3303144585804504e-12,3
11296,355,2018,8,24,2,51,1.05,5.0,4.14,26.2,0,-8.40594498125876,-2.02769927479782e-11,3
11538,217,2018,8,29,8,19,0.62,2.94,3.39,25.6,125,-5.499622657141759,4.7661161523877e-12,3
11539,242,2018,8,29,8,49,0.65,2.7,3.57,25.6,217,-5.34156266802536,-1.17968774716175e-11,3
11584,228,2018,8,30,7,19,0.82,3.03,3.5,24.8,147,1.7711368422125,-4.3199867677605196e-13,3
11595,234,2018,8,30,12,49,0.77,2.78,3.61,25.4,163,3.50979672249287,-8.00194580043123e-12,3
11596,217,2018,8,30,13,19,0.76,2.86,3.62,25.5,234,3.66785671160927,4.53889103229725e-12,3
12541,322,2018,9,19,7,19,1.03,3.7,3.94,25.9,165,-5.5431448740480995,-9.65227029721654e-12,3
12542,329,2018,9,19,7,49,1.11,3.85,3.95,25.9,322,-5.3850848849317,2.8885665355119398e-12,3
12543,328,2018,9,19,8,19,1.17,4.35,3.99,25.9,329,-5.227024895815299,-1.3674427088493302e-11,3
12544,338,2018,9,19,8,49,1.21,4.55,4.1,25.9,328,-5.06896490669891,-1.13359025576479e-12,3
12545,335,2018,9,19,9,19,1.2,4.76,4.14,25.9,338,-4.91090491758251,-1.7696583879770002e-11,3
12546,338,2018,9,19,9,49,1.27,5.0,4.18,25.9,335,-4.75284492846611,-5.1557470470415195e-12,3
12547,342,2018,9,19,10,19,1.29,4.55,4.06,25.8,338,-4.5947849393497195,-2.1718740671046698e-11,3
12548,341,2018,9,19,10,49,1.33,5.0,4.19,25.8,342,-4.43672495023332,-9.177903838318251e-12,3
12549,339,2018,9,19,11,19,1.3,5.0,4.12,25.7,341,-4.27866496111692,3.36293299441023e-12,3
12550,345,2018,9,19,11,49,1.36,4.55,4.17,25.7,339,-4.12060497200053,-1.3200060629595002e-11,3
12551,346,2018,9,19,12,19,1.29,5.26,4.14,25.8,345,-3.96254498288413,-6.592237968665029e-13,3
12552,346,2018,9,19,12,49,1.31,5.0,4.15,25.6,346,-3.80448499376773,-1.72222174208717e-11,3
12553,343,2018,9,19,13,19,1.21,4.76,4.01,25.5,346,-3.6464250046513302,-4.681380588143241e-12,3
12554,350,2018,9,19,13,49,1.25,5.0,4.0,25.5,343,-3.48836501553494,-2.1244374212148502e-11,3
12555,352,2018,9,19,14,19,1.19,5.0,4.07,25.5,350,-3.33030502641854,-8.703537379419969e-12,3
12556,348,2018,9,19,14,49,1.16,5.0,4.03,25.6,352,-3.17224503730214,3.8372994533085196e-12,3
12557,348,2018,9,19,15,19,1.15,5.0,3.97,25.8,348,-3.0141850481857504,-1.2725694170696699e-11,3
12558,353,2018,9,19,15,49,1.17,5.0,4.04,25.9,348,-2.8561250590693503,-1.84857337968218e-13,3
12559,359,2018,9,19,16,19,1.23,5.0,4.16,26.0,353,-2.6980650699529503,-1.6747850961973403e-11,3
12560,356,2018,9,19,16,49,1.18,5.0,4.22,26.0,359,-2.5400050808365497,-4.20701412924495e-12,3
12561,355,2018,9,19,17,19,1.16,5.26,4.15,26.2,356,-2.3819450917201603,-2.07700077532502e-11,3
13632,242,2018,10,12,3,49,4.16,5.56,6.12,23.4,152,1.4825102023770902,1.97966605515014e-12,4
13635,251,2018,10,12,5,19,3.0,5.0,5.62,23.6,155,1.95669016972628,1.0498346096601901e-11,4
13646,350,2018,10,12,10,49,1.9,6.67,5.4,23.6,144,3.6953500500066503,2.92839897294671e-12,4
13647,345,2018,10,12,11,19,1.82,6.25,5.04,23.5,350,3.85341003912305,-1.3634594651058499e-11,4
13899,332,2018,10,17,18,19,0.87,3.57,4.16,23.0,104,-0.7028363068550829,-2.96833893787307e-11,4
13911,352,2018,10,18,0,19,0.89,5.0,3.88,22.8,94,1.19388356254168,4.39133078707634e-12,4
13913,332,2018,10,18,1,19,0.9,4.55,3.83,22.8,97,1.51000354077447,-2.8734656460934102e-11,4
13914,341,2018,10,18,1,49,1.05,4.55,3.91,22.7,332,1.6680635298908701,1.29100108285281e-11,4
13915,329,2018,10,18,2,19,1.03,4.55,3.95,22.6,341,1.82612351900727,-3.6529827954771295e-12,4
13916,336,2018,10,18,2,49,0.98,4.55,3.98,22.6,329,1.9841835081236698,-2.02159764194823e-11,4
13917,331,2018,10,18,3,19,0.9,4.35,3.97,22.6,336,2.14224349724006,-3.67789700434876e-11,4
13918,341,2018,10,18,3,49,0.84,4.35,4.02,22.6,331,2.30030348635646,4.86569724597462e-12,4
13919,338,2018,10,18,4,19,0.82,4.55,4.19,22.6,341,2.4583634754728596,-1.16972963780306e-11,4
13920,346,2018,10,18,4,49,0.82,4.55,4.12,22.5,338,2.61642346458925,-2.8260290002035805e-11,4
13921,348,2018,10,18,5,19,0.75,4.76,4.1,22.5,346,2.77448345370565,1.3384377287426402e-11,4
13922,350,2018,10,18,5,49,0.77,4.76,3.86,22.5,348,2.93254344282205,-3.17861633657885e-12,4
13924,348,2018,10,18,6,49,0.92,4.35,3.77,22.5,93,3.24866342105484,-3.63046035845893e-11,4
13925,338,2018,10,18,7,19,0.95,4.35,3.89,22.5,348,3.40672341017124,5.3400637048729096e-12,4
13926,348,2018,10,18,7,49,1.08,4.76,3.85,22.5,338,3.5647833992876397,-1.12229299191323e-11,4
13927,345,2018,10,18,8,19,1.22,4.76,4.01,22.5,348,3.7228433884040295,-2.77859235431375e-11,4
13928,348,2018,10,18,8,49,1.25,5.0,4.07,22.5,345,3.88090337752043,1.3858743746324699e-11,4
13929,357,2018,10,18,9,19,1.43,5.0,4.15,22.6,348,4.03896336663683,-2.7042498776805602e-12,4
13930,356,2018,10,18,9,49,1.5,5.26,4.32,22.5,357,4.19702335575322,-1.92672435016858e-11,4
14067,331,2018,10,21,6,19,1.33,3.85,4.02,21.9,152,-3.9510805229957002,-1.82985943651718e-11,4
14068,329,2018,10,21,6,49,1.56,4.55,4.22,21.9,331,-3.7930205338792997,-3.4861587989177e-11,4
14069,334,2018,10,21,7,19,1.66,5.0,4.32,21.9,329,-3.63496054476291,6.783079300285151e-12,4
14070,334,2018,10,21,7,49,1.73,5.26,4.43,21.9,334,-3.4769005556465093,-9.77991432372007e-12,4
14071,331,2018,10,21,8,19,1.79,5.26,4.43,21.9,334,-3.3188405665301097,-2.63429079477253e-11,4
14072,328,2018,10,21,8,49,1.76,5.0,4.37,22.0,331,-3.1607805774137097,-4.29059015717305e-11,4
14073,336,2018,10,21,9,19,1.93,5.26,4.49,22.0,328,-3.00272058829732,-1.26123428226832e-12,4
14074,339,2018,10,21,9,49,2.24,5.56,4.86,22.0,336,-2.84466059918092,-1.78242279062735e-11,4
14075,352,2018,10,21,10,19,2.38,5.88,4.92,22.0,339,-2.68660061006452,-3.43872215302788e-11,4
14076,346,2018,10,21,10,49,2.55,5.88,5.01,22.0,352,-2.52854062094813,7.25744575918343e-12,4
14077,352,2018,10,21,11,19,2.78,6.67,5.38,22.1,346,-2.37048063183173,-9.305547864821789e-12,4
14078,355,2018,10,21,11,49,2.77,7.14,5.4,22.3,352,-2.21242064271533,-2.5868541488827e-11,4
14079,356,2018,10,21,12,19,2.71,7.14,5.3,22.6,355,-2.0543606535989403,-4.24315351128322e-11,4
14080,348,2018,10,21,12,49,2.61,6.67,5.15,22.9,356,-1.89630066448254,-7.868678233700359e-13,4
14088,357,2018,10,21,16,49,2.7,7.14,5.35,21.9,4,-0.6318207515513621,-1.6875494988477e-11,4
14090,352,2018,10,21,17,49,2.65,7.14,5.52,22.0,0,-0.315700773318568,8.20617867698e-12,4
14097,359,2018,10,21,21,19,2.13,7.14,5.49,22.5,6,0.7907191504962109,8.68054513587829e-12,4
14098,357,2018,10,21,21,49,2.12,7.14,5.34,22.4,359,0.948779139612608,-7.88244848812693e-12,4
14182,267,2018,10,23,15,49,0.65,2.78,3.49,21.0,82,-0.6753429684577,-2.19005098134751e-12,4
14190,222,2018,10,23,19,49,0.69,3.12,3.57,21.0,97,0.5891369444734761,-1.82786781464544e-11,4
14210,284,2018,10,24,5,49,0.65,2.78,3.18,20.8,110,3.75033672680142,-2.92585145754367e-13,4
14211,277,2018,10,24,6,19,0.67,2.86,3.16,20.8,284,3.90839671591781,-1.6855578769759602e-11,4
14212,289,2018,10,24,6,49,0.69,3.12,3.15,20.8,277,4.06645670503421,-3.34185723937648e-11,4
14213,298,2018,10,24,7,19,0.79,3.33,3.23,20.8,289,4.22451669415061,8.22609489569738e-12,4
14214,304,2018,10,24,7,49,0.8,3.23,3.21,20.8,298,-10.5185845105807,-8.33689872830783e-12,4
14215,328,2018,10,24,8,19,0.78,3.45,3.23,20.9,304,-10.360524521464301,-2.4899892352313e-11,4
14216,346,2018,10,24,8,49,0.93,3.85,3.34,21.0,328,-10.202464532347902,-4.14628859763183e-11,4
14217,350,2018,10,24,9,19,1.16,4.35,3.66,20.8,346,-10.0444045432315,1.81781313143918e-13,4
14218,350,2018,10,24,9,49,1.26,4.35,3.8,20.6,350,-9.88634455411506,-1.6381212310861303e-11,4
14219,349,2018,10,24,10,19,1.3,4.76,3.82,20.4,350,-9.72828456499867,-3.29442059348665e-11,4
14220,346,2018,10,24,10,49,1.54,5.26,4.15,20.4,349,-9.57022457588227,8.70046135459567e-12,4
14221,348,2018,10,24,11,19,1.57,5.56,4.37,20.5,346,-9.412164586765869,-7.86253226940955e-12,4
14222,350,2018,10,24,11,49,1.61,5.56,4.39,20.4,348,-9.25410459764948,-2.44255258934148e-11,4
14223,350,2018,10,24,12,19,1.69,5.56,4.48,20.5,350,-9.096044608533079,-4.098851951742e-11,4
14224,348,2018,10,24,12,49,1.79,5.88,4.59,20.5,350,-8.93798461941668,6.56147772042204e-13,4
14225,357,2018,10,24,13,19,1.93,6.25,4.8,20.5,348,-8.77992463030028,-1.5906845851963e-11,4
14226,355,2018,10,24,13,49,1.79,5.88,4.59,20.6,357,-8.62186464118389,-3.24698394759682e-11,4
14227,357,2018,10,24,14,19,1.85,6.25,4.66,20.6,355,-8.463804652067491,9.174827813493961e-12,4
14458,248,2018,10,29,9,49,1.16,3.23,4.08,19.2,155,-1.7542695538751,-3.337873995633e-11,4
14468,294,2018,10,29,14,49,0.97,3.23,4.02,19.2,182,-0.17366966271112602,-2.438569345598e-11,4
14491,348,2018,10,30,2,19,1.04,3.85,3.9,19.1,10,3.4617100869660096,2.11907958617183e-12,4
14493,359,2018,10,30,3,19,1.35,4.76,4.13,19.1,3,3.7778300651988,-3.1006907661838604e-11,4
14496,359,2018,10,30,4,49,1.58,5.56,4.57,19.1,0,4.25201003254799,-2.24882276203869e-11,4
15036,343,2018,11,10,11,49,1.41,4.55,4.38,18.8,96,-9.52670235897593,-5.98498265253379e-12,4
15037,343,2018,11,10,12,19,1.45,4.76,4.43,18.8,343,-9.36864236985953,-2.2547976276539e-11,4
15038,352,2018,11,10,12,49,1.55,5.0,4.44,18.8,343,-9.21058238074314,-3.91109699005442e-11,4
15039,348,2018,11,10,13,19,1.69,5.0,4.7,18.8,352,-9.052522391626741,2.53369738891796e-12,4
15040,348,2018,11,10,13,49,1.61,5.0,4.62,18.8,348,-8.89446240251034,-1.4029296235087302e-11,4
15041,342,2018,11,10,14,19,1.5,5.0,4.58,18.8,348,-8.73640241339395,-3.0592289859092495e-11,4
15042,355,2018,11,10,14,49,1.6,5.26,4.69,18.8,342,-8.57834242427755,1.10523774303697e-11,4
15043,356,2018,11,10,15,19,1.54,5.26,4.67,18.7,355,-8.42028243516115,-5.51061619363551e-12,4
15044,350,2018,11,10,15,49,1.49,5.26,4.66,18.7,356,-8.26222244604476,-2.20736098176407e-11,4
15045,346,2018,11,10,16,19,1.49,5.0,4.7,18.7,350,-8.10416245692836,-3.86366034416459e-11,4
15046,355,2018,11,10,16,49,1.49,5.26,4.64,18.7,346,-7.94610246781196,3.00806384781625e-12,4
15080,357,2018,11,11,9,49,1.64,5.56,4.83,18.1,21,-2.57206283785446,-3.62647711471545e-11,4
15086,356,2018,11,11,12,49,1.5,5.88,4.91,18.1,9,-1.62370290315608,-1.9227411064251e-11,4
15211,356,2018,11,14,4,19,1.88,5.26,4.88,17.8,0,3.5487545207786804,-2.7251808428087102e-11,4
15214,359,2018,11,14,5,49,2.1,5.56,5.18,17.8,0,4.02293448812787,-1.87331283866353e-11,4
15529,359,2018,11,21,2,19,1.33,4.35,4.04,15.5,2,-3.5799738679681403,3.56209518158407e-12,4
15532,357,2018,11,21,3,49,1.51,5.0,4.28,15.5,2,-3.1057939006189503,-4.6126885690431597e-11,4
15570,325,2018,11,21,22,49,0.87,3.23,3.84,16.0,110,2.90048568580414,-3.523637335448839e-11,4
15573,348,2018,11,22,0,19,0.84,3.85,3.81,16.0,76,3.37466565315333,-2.67176933130367e-11,4
15575,325,2018,11,22,1,19,0.86,3.23,3.72,16.0,114,3.6907856313861203,-1.63601964757969e-12,4
15576,325,2018,11,22,1,49,0.84,3.12,3.8,15.9,325,3.8488456205025203,-1.8199013271584897e-11,4
15577,336,2018,11,22,2,19,0.87,3.45,3.71,15.9,325,4.00690560961892,-3.47620068955901e-11,4
15579,336,2018,11,22,3,19,0.88,3.45,3.73,15.8,73,-10.5781356059959,-9.680333230133152e-12,4
15580,346,2018,11,22,3,49,0.94,4.0,3.84,15.8,336,-10.420075616879501,-2.6243326854138395e-11,4
15581,348,2018,11,22,4,19,0.93,4.17,3.79,15.8,346,-10.2620156277632,-4.28063204781436e-11,4
15582,352,2018,11,22,4,49,0.92,4.0,3.86,15.8,348,-10.1039556386468,-1.1616531886814e-12,4
15583,353,2018,11,22,5,19,0.88,4.17,3.87,15.8,352,-9.94589564953036,-1.77246468126866e-11,4
15584,350,2018,11,22,5,49,0.87,4.0,3.82,15.8,353,-9.787835660413961,-3.42876404366918e-11,4
15585,348,2018,11,22,6,19,0.93,4.0,3.69,15.8,350,-9.62977567129756,7.35702685277035e-12,4
15586,355,2018,11,22,6,49,1.04,4.35,3.72,15.9,348,-9.47171568218117,-9.205966771234868e-12,4
15588,357,2018,11,22,7,49,1.36,4.76,4.03,15.9,0,-9.15559570394837,-4.2331954019245295e-11,4
15589,355,2018,11,22,8,19,1.43,5.0,4.23,16.0,357,-8.997535714831981,-6.872867297831179e-13,4
15593,359,2018,11,22,10,19,1.9,5.88,4.94,16.0,3,-8.36529575836639,-8.73160031233658e-12,4
15595,359,2018,11,22,11,19,2.03,6.25,5.2,15.9,0,-8.04917578013359,-4.1857587560347005e-11,4
15596,353,2018,11,22,11,49,2.11,6.25,5.29,15.9,359,-7.891115791017199,-2.12920270884833e-13,4
15597,355,2018,11,22,12,19,2.16,6.25,5.2,15.9,353,-7.733055801900799,-1.67759138948901e-11,4
15598,356,2018,11,22,12,49,1.96,6.25,5.15,16.0,355,-7.5749958127844,-3.3338907518895304e-11,4
15599,357,2018,11,22,13,19,2.02,6.25,5.14,15.9,356,-7.41693582366801,8.30575977056692e-12,4
15601,357,2018,11,22,14,19,2.17,6.67,5.3,15.9,4,-7.100815845435211,-2.4820227477443502e-11,4
15828,355,2018,11,27,7,49,1.5,4.76,4.41,13.5,155,-1.0235207037084,-1.12182075124664e-12,4
15829,348,2018,11,27,8,19,1.49,5.0,4.29,13.5,355,-0.8654607145920071,-7.58924752887193e-11,4
15831,341,2018,11,27,9,19,1.33,5.0,4.35,13.5,123,-0.5493407363592129,7.39685929020512e-12,4
15832,345,2018,11,27,9,49,1.39,4.76,4.37,13.5,341,-0.39128074724281603,-6.737379524726751e-11,4
15833,341,2018,11,27,10,19,1.45,5.0,4.41,13.6,345,-0.23322075812641896,-2.5729127957805302e-11,4
15834,349,2018,11,27,10,49,1.39,5.26,4.38,13.6,341,-0.075160769010022,1.5915539331656902e-11,4
15835,346,2018,11,27,11,19,1.42,5.0,4.62,13.6,349,0.082899220106375,-5.885511520581579e-11,4
15837,352,2018,11,27,12,19,1.33,5.26,4.49,13.7,75,0.39901919833916905,2.44342193731086e-11,4
15838,348,2018,11,27,12,49,1.35,5.26,4.67,13.7,352,0.557079187455566,-5.0336435164364e-11,4
15873,338,2018,11,28,6,19,1.49,5.0,4.56,13.7,58,-8.8119823873182,1.02430580435948e-11,4
15875,341,2018,11,28,7,19,1.54,4.76,4.39,13.9,57,-8.495862409085401,-2.2882929204415604e-11,4
15876,352,2018,11,28,7,49,1.61,5.26,4.46,14.0,341,-8.337802419969,1.8761738085046604e-11,4
15877,348,2018,11,28,8,19,1.74,5.0,4.51,13.9,352,-8.17974243085261,-5.6008916452426103e-11,4
15878,357,2018,11,28,8,49,1.87,6.25,4.74,14.0,348,-8.021682441736209,-1.43642491629639e-11,4
15880,357,2018,11,28,9,49,1.91,6.25,4.82,14.0,3,-7.70556246350342,-4.74902364109743e-11,4
15881,355,2018,11,28,10,19,1.89,5.88,4.68,14.1,357,-7.54750247438702,-5.84556912151211e-12,4
15882,352,2018,11,28,10,49,1.91,5.88,4.82,14.1,355,-7.389442485270621,3.5799098167950103e-11,4
15884,357,2018,11,28,11,49,2.0,6.25,4.96,14.0,6,-7.0733225070378305,2.6731109199396497e-12,4
15911,359,2018,11,29,1,19,1.7,5.56,4.96,13.5,21,-2.80570280089511,-3.70740905339294e-11,4
15922,349,2018,11,29,6,49,1.57,4.76,4.64,13.4,16,-1.06704292061474,-4.4644037657584597e-11,4
16164,359,2018,12,4,7,49,1.72,4.76,4.48,13.9,7,-9.973388987927741,-4.52179852100698e-11,4
16166,353,2018,12,4,8,49,1.84,5.56,4.76,13.9,0,-9.65726900969495,-2.0136311544612802e-11,4
16237,352,2018,12,5,20,19,1.04,3.85,4.08,12.4,85,1.56499021756924,-3.1955640579635204e-11,4
16240,339,2018,12,5,21,49,1.28,4.0,3.94,12.7,2,2.03917018491843,-2.3436960538183396e-11,4
16241,335,2018,12,5,22,19,1.28,4.17,4.02,12.7,339,2.19723017403483,-3.99999541621886e-11,4
16242,341,2018,12,5,22,49,1.47,4.55,4.08,12.7,335,2.35529016315123,1.6447131272735402e-12,4
16243,342,2018,12,5,23,19,1.58,4.76,4.26,12.8,341,2.5133501522676203,-1.49182804967317e-11,4
16244,334,2018,12,5,23,49,1.56,4.76,4.24,12.8,342,2.6714101413840203,-3.1481274120736894e-11,4
16245,342,2018,12,6,0,19,1.63,5.0,4.33,12.9,334,2.82947013050042,1.01633931687253e-11,4
16246,335,2018,12,6,0,49,1.48,4.76,4.15,13.0,342,2.9875301196168103,-6.39960045527993e-12,4
16247,338,2018,12,6,1,19,1.45,5.0,4.09,12.8,335,3.14559010873321,-2.29625940792851e-11,4
16248,339,2018,12,6,1,49,1.51,5.0,4.18,13.0,338,3.30365009784961,-3.95255877032904e-11,4
16249,341,2018,12,6,2,19,1.53,5.0,4.1,13.0,339,3.4617100869660096,2.11907958617183e-12,4
16250,338,2018,12,6,2,49,1.44,5.0,4.09,12.7,341,3.6197700760824,-1.4443914037833401e-11,4
16251,336,2018,12,6,3,19,1.55,4.76,4.14,12.9,338,3.7778300651988,-3.1006907661838604e-11,4
16252,346,2018,12,6,3,49,1.5,5.26,4.14,13.0,336,3.9358900543152004,1.06377596276236e-11,4
16253,353,2018,12,6,4,19,1.28,5.56,4.01,13.1,346,4.093950043431589,-5.92523399638164e-12,4
16256,349,2018,12,6,5,49,1.3,5.0,4.12,12.5,13,-10.3330311830669,2.59344604507011e-12,4
16784,350,2018,12,17,6,49,1.63,4.76,4.63,10.8,69,-1.06704292061474,-4.4644037657584597e-11,4
16785,346,2018,12,17,7,19,1.8,4.76,4.82,10.9,350,-0.908982931498345,-2.99937036812239e-12,4
16836,356,2018,12,18,8,49,1.92,4.76,4.66,11.1,7,-7.74908468040975,2.54028685096226e-11,4
16841,359,2018,12,18,11,19,2.38,6.25,5.38,11.1,3,-6.95878473482777,7.95561303063889e-13,4
17118,224,2018,12,24,6,49,0.89,2.94,3.54,16.9,102,-7.56353135289597,-2.18744476304669e-11,4
17120,238,2018,12,24,7,49,1.02,3.03,3.55,16.9,110,-7.24741137466318,-5.500043487847729e-11,4
17122,225,2018,12,24,8,49,1.08,3.33,3.69,17.1,176,-6.93129139643039,2.8288899700447102e-11,4
17123,235,2018,12,24,9,19,1.13,3.33,3.81,17.2,225,-6.7732314073139905,-4.64817548370256e-11,4
17124,262,2018,12,24,9,49,1.05,3.23,3.81,17.1,235,-6.6151714181975905,-4.8370875475633805e-12,4
17125,265,2018,12,24,10,19,1.08,3.33,3.92,17.1,262,-6.4571114290812,-7.9607742085036e-11,4
17127,287,2018,12,24,11,19,1.04,3.12,3.82,16.7,175,-6.140991450848401,3.68159249388837e-12,4
17128,305,2018,12,24,11,49,1.01,3.33,3.87,16.9,287,-5.982931461732,-7.10890620435843e-11,4
17129,317,2018,12,24,12,19,1.01,3.7,3.93,16.6,305,-5.824871472615611,-2.9444394754122096e-11,4
17130,312,2018,12,24,12,49,1.09,3.7,3.85,16.6,317,-5.66681148349921,1.2200272535340099e-11,4
17131,319,2018,12,24,13,19,1.07,4.0,3.68,16.5,312,-5.5087514943828095,-6.257038200213251e-11,4
17132,327,2018,12,24,13,49,1.1,4.17,3.67,14.7,319,-5.350691505266419,-2.09257147126703e-11,4
17133,335,2018,12,24,14,19,1.22,4.55,3.84,14.0,327,-5.19263151615002,2.07189525767919e-11,4
17134,341,2018,12,24,14,49,1.33,4.76,3.94,14.6,335,-5.03457152703362,-5.4051701960680794e-11,4
17135,335,2018,12,24,15,19,1.37,4.76,3.98,15.0,341,-4.876511537917231,-1.24070346712186e-11,4
17136,334,2018,12,24,15,49,1.5,5.0,4.18,15.3,335,-4.7184515488008305,2.92376326182436e-11,4
17137,345,2018,12,24,16,19,1.48,5.26,4.17,15.5,334,-4.5603915596844296,-4.5533021919228996e-11,4
17138,342,2018,12,24,16,49,1.61,5.0,4.22,15.4,345,-4.40233157056803,-3.88835462976681e-12,4
17139,350,2018,12,24,17,19,1.7,5.56,4.37,15.6,342,-4.24427158145164,-7.865900916723941e-11,4
17140,355,2018,12,24,17,49,1.59,5.56,4.48,15.9,350,-4.08621159233524,-3.70143418777773e-11,4
17141,353,2018,12,24,18,19,1.61,5.56,4.35,15.5,355,-3.92815160321884,4.630325411684941e-12,4
17142,357,2018,12,24,18,49,1.47,5.88,4.36,15.6,353,-3.77009161410245,-7.014032912578771e-11,4
17143,356,2018,12,24,19,19,1.41,5.88,4.39,15.8,357,-3.6120316249860496,-2.84956618363255e-11,4
17144,355,2018,12,24,19,49,1.32,5.56,4.33,15.8,356,-3.4539716358696495,1.31490054531367e-11,4
17145,355,2018,12,24,20,19,1.25,5.26,4.39,15.9,355,-3.29591164675325,-6.162164908433599e-11,4
17146,357,2018,12,24,20,49,1.13,5.26,4.27,16.0,355,-3.13785165763686,-1.9976981794873698e-11,4
17147,356,2018,12,24,21,19,1.18,5.56,4.53,16.0,357,-2.97979166852046,2.16676854945884e-11,4
17148,353,2018,12,24,21,49,1.07,5.26,4.49,16.1,356,-2.8217316794040603,-5.31029690428842e-11,4
17150,356,2018,12,24,22,49,0.97,5.26,4.46,16.0,0,-2.50561170117127,3.01863655360402e-11,4
17152,355,2018,12,24,23,49,0.91,5.26,4.58,16.1,0,-2.18949172293848,-2.9396217119702402e-12,4
17154,357,2018,12,25,0,49,0.83,5.26,4.64,16.0,154,-1.87337174470568,-3.606560895998071e-11,4
17156,348,2018,12,25,1,49,0.84,5.0,4.63,16.0,2,-1.5572517664728898,-6.91915962079911e-11,4
17158,339,2018,12,25,2,49,0.8,4.76,4.15,15.7,4,-1.24113178824009,1.4097738370933303e-11,4
17160,338,2018,12,25,3,49,0.89,4.55,3.74,15.6,12,-0.9250118100073,-1.90282488770772e-11,4
17161,343,2018,12,25,4,19,0.85,4.76,3.62,15.5,338,-0.7669518208909031,2.2616418412385e-11,4
17162,328,2018,12,25,4,49,0.84,3.12,3.63,15.5,343,-0.608891831774506,-5.21542361250876e-11,4
17163,334,2018,12,25,5,19,0.81,3.33,3.54,15.5,328,-0.450831842658109,-1.05095688356254e-11,4
17164,348,2018,12,25,5,49,0.8,4.35,3.49,15.2,334,-0.292771853541712,3.11350984538368e-11,4
17165,335,2018,12,25,6,19,0.82,3.33,3.49,14.1,348,-0.134711864425315,-4.36355560836359e-11,4
17166,335,2018,12,25,6,49,0.8,3.57,3.49,13.4,335,0.023348124691082998,-1.99088879417367e-12,4
17177,357,2018,12,25,12,19,0.75,4.35,3.71,12.0,33,1.76200800497145,-9.560835917828849e-12,4
17206,356,2018,12,26,2,49,1.0,4.76,4.14,11.4,47,-8.55541350450069,-8.243402461970829e-11,4
17228,357,2018,12,26,13,49,1.14,4.35,3.91,12.2,26,-5.07809374393996,1.88414029599161e-11,4
17239,353,2018,12,26,19,19,1.03,4.55,3.98,11.4,3,-3.3394338636595897,1.12714558362609e-11,4
17240,348,2018,12,26,19,49,1.04,4.35,4.05,11.4,353,-3.1813738745432003,-6.349919870121171e-11,4
17902,343,2019,1,9,16,49,1.35,4.0,4.27,10.4,158,-1.14387568625855,-1.63884578914991e-11,1
17922,357,2019,1,10,2,49,1.57,5.0,4.25,10.4,156,2.0173240960693897,1.59763510920093e-12,1
17923,359,2019,1,10,3,19,1.75,5.0,4.42,10.4,357,2.17538408518579,4.3242302398663103e-11,1
17925,355,2019,1,10,4,19,1.82,5.26,4.54,10.3,2,2.49150406341858,1.0116315150652699e-11,1
17926,356,2019,1,10,4,49,2.01,5.88,4.66,10.3,355,2.6495640525349797,5.17609824401149e-11,1
17928,346,2019,1,10,5,49,2.21,5.56,4.96,10.3,0,-11.9354771630799,1.86349951921044e-11,1
17930,357,2019,1,10,6,49,2.4,6.25,5.32,10.4,0,-11.6193571848471,-1.4490992055906e-11,1
17952,359,2019,1,10,17,49,2.32,6.67,5.6,10.2,28,-8.14203742428635,-2.96308863032164e-11,1
17957,357,2019,1,10,20,19,2.13,6.25,5.46,10.1,9,-7.35173747870437,6.21771283171598e-11,1
17958,353,2019,1,10,20,49,2.1,6.67,5.41,10.1,357,-7.193677489587969,-1.2593526220312902e-11,1
17967,355,2019,1,11,1,19,2.09,5.88,5.2,10.1,10,-5.7711375875404,1.2962513904042401e-11,1
17972,357,2019,1,11,3,49,2.27,6.67,5.54,9.9,14,-4.98083764195841,-1.16447933025163e-11,1
17973,359,2019,1,11,4,19,2.29,6.67,5.56,9.9,357,-4.82277765284202,2.99998739869459e-11,1
17979,356,2019,1,11,7,19,2.47,7.14,5.87,9.9,0,-3.87441771814363,4.70372340698494e-11,1
17981,355,2019,1,11,8,19,2.15,6.67,5.57,9.9,13,-3.5582977399108398,1.3911246821838999e-11,1
17983,359,2019,1,11,9,19,1.94,6.67,5.39,9.7,0,-3.2421777616780494,-1.92147404261715e-11,1
17984,356,2019,1,11,9,49,2.0,6.67,5.36,9.8,359,-3.0841177725616498,2.2429926863290697e-11,1
17989,357,2019,1,11,12,19,1.91,6.67,5.21,9.9,9,-2.29381782697967,-2.17738034326797e-12,1
17990,353,2019,1,11,12,49,1.95,6.25,5.35,9.9,357,-2.1357578378632702,3.9467286946194206e-11,1
18429,353,2019,1,20,22,19,2.41,5.56,5.36,8.4,147,-5.3565087156065,7.834542035713621e-11,1
18431,359,2019,1,20,23,19,2.69,6.67,5.59,8.5,2,-5.04038873737371,4.52194331091258e-11,1
18432,355,2019,1,20,23,49,2.63,6.67,5.41,8.6,359,-4.88232874825731,-2.9551221428346806e-11,1
18443,359,2019,1,21,5,19,2.83,6.67,5.61,8.7,17,-3.1436688679769396,7.929415327493279e-11,1
18444,359,2019,1,21,5,49,2.78,7.14,5.63,8.7,359,-2.9856088788605497,4.52349873746018e-12,1
18445,357,2019,1,21,6,19,3.02,7.14,5.83,8.6,359,-2.82754888974415,4.61681660269224e-11,1
18921,345,2019,1,31,6,19,1.3,4.55,4.31,8.0,62,-1.46456008311187,1.21731107359849e-11,1
18922,349,2019,1,31,6,49,1.3,4.55,4.28,8.0,345,-1.3065000939954698,-4.3898828880203195e-12,1
18923,350,2019,1,31,7,19,1.49,5.0,4.47,8.0,349,-1.14844010487907,3.72547844014419e-11,1
18927,359,2019,1,31,9,19,1.68,5.88,4.73,7.9,0,-0.516200148413487,2.9210470818888394e-11,1
19016,357,2019,2,2,5,49,0.8,3.23,3.21,7.9,99,-11.390281640427,-1.82460912896575e-11,1
19017,353,2019,2,2,6,19,0.96,3.57,3.43,7.9,357,-11.2322216513106,2.3398575999804698e-11,1
19018,357,2019,2,2,6,49,1.06,3.85,3.56,7.8,353,-11.0741616621942,6.50432432892669e-11,1
19019,350,2019,2,2,7,19,1.21,4.55,3.82,7.8,357,-10.9161016730778,-9.72741124820576e-12,1
19020,348,2019,2,2,7,49,1.19,4.55,3.87,7.9,350,-10.758041683961402,3.19172560412564e-11,1
19021,353,2019,2,2,8,19,1.24,5.0,4.06,7.9,348,-10.599981694845,7.356192333071859e-11,1
19022,353,2019,2,2,8,49,1.17,5.0,3.98,7.9,353,-10.4419217057286,-1.20873120675401e-12,1
19023,357,2019,2,2,9,19,1.26,5.0,4.12,7.9,353,-10.283861716612199,4.0435936082708204e-11,1
19024,359,2019,2,2,9,49,1.19,5.26,4.13,8.0,357,-10.1258017274958,8.208060337217041e-11,1
19375,359,2019,2,9,17,19,2.44,6.25,5.38,8.1,12,0.649770870816585,3.1028271779612e-11,1
19393,359,2019,2,10,2,19,1.75,5.88,5.22,8.3,3,-11.4063105189359,-3.42749697986123e-11,1
19463,342,2019,2,11,13,19,1.25,4.17,4.31,7.7,103,-0.342111280788135,-2.95313052096294e-11,1
20130,327,2019,2,25,12,49,1.04,4.35,4.1,7.6,156,1.4080130593806601,3.25708684686112e-11,1
20131,336,2019,2,25,13,19,1.12,4.76,4.17,7.6,327,1.56607304849706,1.60078748446059e-11,1
20133,297,2019,2,25,14,19,1.19,3.57,4.01,7.6,161,1.8821930267298501,4.1089548510062896e-11,1
20134,334,2019,2,25,14,49,1.29,4.76,4.15,7.6,297,2.04025301584625,2.45265548860577e-11,1
20135,331,2019,2,25,15,19,1.29,4.55,4.19,7.6,334,2.19831300496265,7.96356126205248e-12,1
20136,327,2019,2,25,15,49,1.31,4.76,4.12,7.6,331,2.35637299407904,-8.59943236195274e-12,1
20137,324,2019,2,25,16,19,1.28,5.0,4.18,7.7,327,2.51443298319544,3.30452349275094e-11,1
20138,327,2019,2,25,16,49,1.26,4.76,4.15,7.7,324,2.6724929723118396,1.64822413035042e-11,1
20139,322,2019,2,25,17,19,1.16,4.55,3.99,7.8,327,-12.070608232419401,-8.07523205009895e-14,1
20140,328,2019,2,25,17,49,1.11,4.76,4.03,7.8,322,-11.912548243303,4.1563914968961205e-11,1
20141,324,2019,2,25,18,19,1.07,4.76,3.98,7.9,328,-11.7544882541866,2.5000921344956e-11,1
20142,315,2019,2,25,18,49,1.04,4.55,3.93,7.9,324,-11.5964282650702,8.437927720950759e-12,1
20143,322,2019,2,25,19,19,1.06,4.76,4.05,7.9,315,-11.4383682759538,-8.12506590305446e-12,1
20144,319,2019,2,25,19,49,1.08,4.55,4.14,7.9,322,-11.280308286837402,3.35196013864077e-11,1
20145,325,2019,2,25,20,19,1.02,4.17,4.07,7.9,319,-11.122248297720999,1.69566077624025e-11,1
20146,328,2019,2,25,20,49,0.95,4.35,4.0,7.9,325,-10.9641883086046,3.93614138397296e-13,1
20155,329,2019,2,26,1,19,0.67,4.76,4.62,7.9,168,-9.54164840655707,2.5949654262752602e-11,1
20463,343,2019,3,4,11,19,2.07,5.0,5.05,7.4,113,-7.74343743086141,1.9723141640922698e-11,1
20464,348,2019,3,4,11,49,2.21,5.88,5.08,7.4,343,-7.58537744174501,6.13678089303849e-11,1
20465,345,2019,3,4,12,19,2.47,5.88,5.27,7.6,348,-7.427317452628619,-1.34028456070877e-11,1
20466,342,2019,3,4,12,49,2.51,5.88,5.34,7.6,345,-7.269257463512219,2.82418216823744e-11,1
20468,339,2019,3,4,13,49,2.45,5.88,5.47,7.7,100,-6.95313748527943,-4.88416556563599e-12,1
20469,341,2019,3,4,14,19,2.42,6.25,5.37,7.7,339,-6.795077496163031,3.676050172382621e-11,1
20470,349,2019,3,4,14,49,2.47,6.25,5.43,7.8,341,-6.637017507046631,7.840516901328841e-11,1
20471,352,2019,3,4,15,19,2.54,6.25,5.35,7.8,349,-6.47895751793023,3.63451447581576e-12,1
20473,352,2019,3,4,16,19,2.44,6.25,5.34,7.8,2,-6.162837539697441,-2.94914727721947e-11,1
20474,350,2019,3,4,16,49,2.26,6.25,5.31,7.9,352,-6.00477755058104,1.2153194517267499e-11,1
20477,359,2019,3,4,18,19,2.51,6.25,5.51,7.9,12,-5.53059758323185,2.06718745587193e-11,1
20478,348,2019,3,4,18,49,2.17,6.25,5.34,7.9,359,-5.37253759411546,6.23165418481815e-11,1
20484,356,2019,3,4,21,49,1.98,5.88,5.51,8.1,16,-4.4241776594170705,-3.70614198958499e-11,1
20529,357,2019,3,5,20,19,1.32,5.0,4.6,7.7,58,2.68852185082079,-2.5696541101008397e-11,1
20553,334,2019,3,6,8,19,1.42,4.17,3.94,7.4,66,-8.41919960423334,4.2452899230605604e-11,1
20554,348,2019,3,6,8,49,1.89,5.0,4.35,7.6,334,-8.26113961511694,-3.2317755306867e-11,1
20555,343,2019,3,6,9,19,2.02,5.26,4.61,7.6,348,-8.10307962600054,9.326911982595179e-12,1
20556,345,2019,3,6,9,49,2.23,5.56,4.84,7.6,343,-7.94501963688415,5.09715792720574e-11,1
20557,342,2019,3,6,10,19,2.2,5.88,4.92,7.6,345,-7.78695964776775,-2.37990752654153e-11,1
20558,342,2019,3,6,10,49,2.29,6.25,5.04,7.6,342,-7.628899658651349,1.78455920240469e-11,1
20559,339,2019,3,6,11,19,2.45,6.25,5.18,7.6,342,-7.47083966953495,5.94902593135091e-11,1
20560,348,2019,3,6,11,49,2.44,6.67,5.38,7.6,339,-7.31277968041856,-1.52803952239635e-11,1
20561,352,2019,3,6,12,19,2.31,7.14,5.2,7.6,348,-7.1547196913021605,2.6364272065498698e-11,1
20562,348,2019,3,6,12,49,2.35,6.25,5.32,7.6,352,-6.9966597021857595,6.80089393549609e-11,1
20563,353,2019,3,6,13,19,2.14,6.67,5.14,7.6,348,-6.83859971306937,-6.76171518251175e-12,1
20564,353,2019,3,6,13,49,2.13,6.67,5.16,7.6,353,-6.680539723952969,3.48829521069504e-11,1
20565,355,2019,3,6,14,19,2.17,6.25,5.26,7.6,353,-6.52247973483657,7.652761939641259e-11,1
20566,359,2019,3,6,14,49,1.96,6.67,5.09,7.6,355,-6.3644197457201805,1.7569648589400004e-12,1
20568,355,2019,3,6,15,49,1.94,6.25,5.1,7.6,2,-6.0482997674873795,-3.13690223890704e-11,1
20569,355,2019,3,6,16,19,1.93,6.25,5.05,7.6,355,-5.890239778370991,1.0275644900391801e-11,1
20571,359,2019,3,6,17,19,1.93,6.25,5.21,7.6,4,-5.574119800138191,-2.2850342347618698e-11,1
20845,349,2019,3,12,10,19,0.83,3.23,3.59,8.6,138,-6.969166363788379,3.72946168388766e-11,1
20846,352,2019,3,12,10,49,0.86,3.12,3.7,8.4,349,-6.81110637467198,2.0731623214871398e-11,1
20847,355,2019,3,12,11,19,0.88,3.45,3.56,8.4,352,-6.653046385555591,4.1686295908662005e-12,1
21014,359,2019,3,16,12,19,1.29,4.35,4.2,11.1,161,-5.79173088466988,-7.63078322543879e-12,1
21017,359,2019,3,16,13,49,1.45,4.76,4.31,11.3,0,-5.31755091732069,8.878968160129648e-13,1
21317,336,2019,3,22,22,49,1.1,4.35,4.29,10.3,96,-1.6546778292461801,-3.32165265791945e-12,1
21320,310,2019,3,23,0,19,0.98,4.0,4.55,10.2,83,-1.18049786189698,5.1970273835323e-12,1
21322,327,2019,3,23,1,19,1.3,4.0,4.17,10.1,104,-0.8643778836641899,3.0278701048989304e-11,1
21323,332,2019,3,23,1,49,1.33,4.35,4.24,10.1,327,-0.7063178945477929,1.3715707424984098e-11,1
21324,328,2019,3,23,2,19,1.32,4.17,4.12,10.1,332,-0.548257905431396,-2.8472861990211698e-12,1
21325,339,2019,3,23,2,49,1.42,4.76,4.22,10.0,328,-0.39019791631499895,3.8797381090441005e-11,1
21326,335,2019,3,23,3,19,1.42,4.55,4.26,9.9,339,-0.232137927198602,2.2234387466435802e-11,1
21327,345,2019,3,23,3,49,1.46,5.0,4.25,9.9,335,-0.074077938082205,5.67139384243059e-12,1
21328,341,2019,3,23,4,19,1.6,4.76,4.43,9.9,345,0.083982051034192,-1.08915997815746e-11,1
21329,357,2019,3,23,4,49,1.62,5.56,4.39,9.9,341,0.24204204015058897,3.07530675078876e-11,1
21331,355,2019,3,23,5,49,1.72,5.56,4.41,9.9,0,0.558162018383383,-2.3729197401228797e-12,1
21332,355,2019,3,23,6,19,1.75,5.88,4.56,9.9,355,0.71622200749978,3.9271747549339295e-11,1
21333,339,2019,3,23,6,49,1.6,5.26,4.41,9.9,355,0.874281996616177,2.27087539253341e-11,1
21334,348,2019,3,23,7,19,1.59,5.56,4.45,9.9,339,1.03234198573257,6.14576030132887e-12,1
21335,348,2019,3,23,7,49,1.71,5.88,4.53,9.9,348,1.19040197484897,-1.04172333226763e-11,1
21336,352,2019,3,23,8,19,1.77,5.56,4.71,9.9,348,1.34846196396537,3.12274339667858e-11,1
21337,348,2019,3,23,8,49,1.66,5.26,4.6,9.9,352,1.5065219530817602,1.4664440342780597e-11,1
21338,343,2019,3,23,9,19,1.49,5.56,4.47,9.9,348,1.66458194219816,-1.8985532812246e-12,1
21339,348,2019,3,23,9,49,1.51,5.56,4.59,9.8,343,1.82264193131456,3.9746114008237605e-11,1
21340,355,2019,3,23,10,19,1.52,5.56,4.4,9.8,348,1.9807019204309602,2.31831203842324e-11,1
21341,348,2019,3,23,10,49,1.55,5.56,4.52,9.8,355,2.13876190954735,6.62012676022716e-12,1
21342,339,2019,3,23,11,19,1.56,5.0,4.41,9.8,348,2.29682189866375,-9.94286686377806e-12,1
21343,343,2019,3,23,11,49,1.69,5.26,4.59,9.8,339,2.4548818877801497,3.1701800425684103e-11,1
21344,342,2019,3,23,12,19,1.58,5.26,4.46,9.8,343,2.61294187689654,1.51388068016789e-11,1
21345,343,2019,3,23,12,49,1.61,5.26,4.6,9.8,342,2.7710018660129396,-1.42418682232631e-12,1
21346,339,2019,3,23,13,19,1.51,5.0,4.47,9.8,343,-11.9720993387183,4.0220480467135895e-11,1
21347,357,2019,3,23,13,49,1.48,5.88,4.61,9.8,339,-11.8140393496019,2.36574868431307e-11,1
21348,343,2019,3,23,14,19,1.57,5.26,4.54,9.9,357,-11.6559793604855,7.0944932191254415e-12,1
21349,342,2019,3,23,14,49,1.53,5.26,4.41,9.9,343,-11.4979193713691,-9.46850040487978e-12,1
21350,342,2019,3,23,15,19,1.57,5.56,4.48,9.9,342,-11.339859382252701,3.2176166884582393e-11,1
21351,343,2019,3,23,15,49,1.44,5.26,4.46,9.9,342,-11.1817993931363,1.56131732605772e-11,1
21352,342,2019,3,23,16,19,1.33,5.26,4.4,9.9,343,-11.0237394040199,-9.498203634280259e-13,1
21353,343,2019,3,23,16,49,1.3,5.26,4.52,9.9,342,-10.8656794149035,4.06948469260342e-11,1
21354,348,2019,3,23,17,19,1.23,5.26,4.58,10.0,343,-10.7076194257871,2.4131853302028898e-11,1
21356,355,2019,3,23,18,19,1.12,5.26,4.65,10.1,76,-10.3914994475543,-8.99413394598149e-12,1
21357,352,2019,3,23,18,49,1.15,5.26,4.83,10.1,355,-10.233439458438,3.26505333434807e-11,1
21362,355,2019,3,23,21,19,1.06,5.56,5.15,10.2,26,-9.443139512855971,8.04322613692201e-12,1
21480,348,2019,3,26,8,19,1.19,3.57,3.49,12.0,168,-5.69322199096878,3.26704495621981e-11,1
21481,348,2019,3,26,8,49,1.42,4.35,3.68,11.8,348,-5.53516200185238,1.6107455938192898e-11,1
21482,346,2019,3,26,9,19,1.67,4.55,3.98,11.7,348,-5.377102012735981,-4.55537685812357e-13,1
21483,357,2019,3,26,9,49,1.87,5.26,4.27,11.5,346,-5.21904202361959,4.1189129603649796e-11,1
21760,356,2019,4,1,6,19,2.05,5.56,4.71,14.1,4,-0.6467667991325,1.5059141926809402e-11,2
21761,359,2019,4,1,6,49,1.95,5.56,4.76,14.4,356,-0.48870681001610294,-1.5038516971958501e-12,2
21768,357,2019,4,1,10,19,2.35,6.67,5.38,15.0,6,0.6177131137986761,-1.0294852382975602e-12,2
22477,355,2019,4,16,5,49,1.86,5.56,4.65,19.1,3,-6.21092417522431,3.8837213527875795e-11,2
22478,353,2019,4,16,6,19,1.91,5.56,4.79,19.2,355,-6.05286418610791,2.2274219903870602e-11,2
22952,322,2019,4,27,5,19,1.86,4.76,4.78,18.5,162,2.58088411987863,1.2184880240503e-11,2
22954,325,2019,4,27,6,19,1.69,4.55,4.58,18.5,154,-12.004157095736199,8.162723449226311e-12,2
22956,325,2019,4,27,7,19,1.53,4.55,4.35,18.4,159,-11.6880371175034,4.14056665794958e-12,2
22957,325,2019,4,27,7,49,1.59,4.55,4.39,18.4,325,-11.529977128387001,1.6681403490678098e-11,2
22959,341,2019,4,27,8,49,1.43,4.76,4.31,18.2,156,-11.2138571501542,1.2659246699401302e-11,2
22961,355,2019,4,27,9,49,1.44,5.0,4.41,18.1,0,-10.8977371719215,8.6370899081246e-12,2
22962,353,2019,4,27,10,19,1.41,5.56,4.42,18.0,355,-10.7396771828051,2.11779267408531e-11,2
22966,349,2019,4,27,12,19,1.22,5.0,4.2,15.6,145,-10.1074372263395,1.31336131582996e-11,2
22969,348,2019,4,27,13,49,1.21,5.0,4.29,15.6,151,-9.63325725899027,2.1652293199751397e-11,2
22971,355,2019,4,27,14,49,1.22,5.26,4.31,15.5,154,-9.31713728075748,1.76301364084746e-11,2
22972,350,2019,4,27,15,19,1.16,5.26,4.31,15.4,355,-9.159077291641081,1.06714278446942e-12,2
22973,338,2019,4,27,15,49,1.14,4.76,4.46,15.5,350,-9.00101730252468,1.3607979617197901e-11,2
22980,314,2019,4,27,19,19,1.04,4.35,4.23,16.0,145,-7.89459737870991,1.4082346076096198e-11,2
22983,256,2019,4,27,20,49,0.98,4.35,4.06,16.0,210,-7.420417411360719,2.26010261175479e-11,2
22984,229,2019,4,27,21,19,1.01,4.17,4.1,16.0,256,-7.26235742224432,6.03803249354272e-12,2
23393,353,2019,5,6,9,49,1.64,5.0,4.61,16.6,144,-4.67384650096667,4.30804312188788e-12,2
23394,352,2019,5,6,10,19,1.72,5.26,4.69,16.3,353,-4.51578651185028,-1.22549505021173e-11,2
23395,346,2019,5,6,10,49,1.69,5.0,4.54,16.0,352,-4.35772652273388,2.93897167873448e-11,2
23396,349,2019,5,6,11,19,1.75,5.26,4.61,15.8,346,-4.19966653361748,1.2826723163339599e-11,2
23397,349,2019,5,6,11,49,1.74,5.0,4.57,15.8,349,-4.04160654450109,-3.73627046066559e-12,2
23818,343,2019,5,15,6,19,1.39,4.55,4.58,18.0,38,-12.004157095736199,8.162723449226311e-12,2
23819,341,2019,5,15,6,49,1.5,4.76,4.7,18.0,343,-11.846097106619801,2.0703560281954803e-11,2
23820,341,2019,5,15,7,19,1.59,5.0,4.79,18.0,341,-11.6880371175034,4.14056665794958e-12,2
23821,349,2019,5,15,7,49,1.7,5.26,4.82,17.9,341,-11.529977128387001,1.6681403490678098e-11,2
23822,341,2019,5,15,8,19,1.57,5.26,4.72,17.9,349,-11.371917139270598,1.18409866672847e-13,2
23823,348,2019,5,15,8,49,1.71,5.26,4.84,17.8,341,-11.2138571501542,1.2659246699401302e-11,2
23824,348,2019,5,15,9,19,1.64,5.26,4.91,17.8,348,-11.0557971610378,-3.90374692460389e-12,2
23825,350,2019,5,15,9,49,1.67,5.56,4.81,17.7,348,-10.8977371719215,8.6370899081246e-12,2
23826,352,2019,5,15,10,19,1.61,5.56,4.91,17.6,350,-10.7396771828051,2.11779267408531e-11,2
23827,349,2019,5,15,10,49,1.64,5.26,5.01,17.6,352,-10.581617193688698,4.61493311684787e-12,2
23828,352,2019,5,15,11,19,1.51,5.26,4.88,17.5,349,-10.423557204572301,1.71557699495764e-11,2
23829,342,2019,5,15,11,49,1.48,5.26,4.89,17.6,352,-10.2654972154559,5.927763255711321e-13,2
23830,353,2019,5,15,12,19,1.53,5.56,4.9,17.6,342,-10.1074372263395,1.31336131582996e-11,2
23831,342,2019,5,15,12,49,1.42,5.26,4.75,17.5,353,-9.949377237223072,-3.4293804657056003e-12,2
23832,343,2019,5,15,13,19,1.44,5.0,5.01,17.6,342,-9.79131724810667,9.11145636702288e-12,2
23833,342,2019,5,15,13,49,1.41,5.0,4.77,17.8,343,-9.63325725899027,2.1652293199751397e-11,2
23834,359,2019,5,15,14,19,1.32,5.56,4.87,17.8,342,-9.475197269873881,5.089299575746151e-12,2
23835,343,2019,5,15,14,49,1.34,5.0,4.89,17.9,359,-9.31713728075748,1.76301364084746e-11,2
23836,342,2019,5,15,15,19,1.27,5.26,4.97,17.9,343,-9.159077291641081,1.06714278446942e-12,2
23837,343,2019,5,15,15,49,1.26,5.0,5.04,18.0,342,-9.00101730252468,1.3607979617197901e-11,2
23838,359,2019,5,15,16,19,1.17,5.26,5.08,17.8,343,-8.84295731340829,-2.95501400680732e-12,2
23839,353,2019,5,15,16,49,1.23,5.0,5.2,17.8,359,-8.68489732429189,9.58582282592117e-12,2
24106,214,2019,5,21,6,19,0.81,3.23,3.45,19.4,203,-11.1863638117569,1.1048754640050801e-11,2
24107,220,2019,5,21,6,49,0.86,3.12,3.42,19.5,214,-11.0283038226405,-5.51423898395443e-12,2
24123,353,2019,5,21,14,49,0.65,2.63,3.32,20.3,182,-8.49934399677811,2.0516167599299102e-11,2
24183,359,2019,5,22,20,49,1.14,5.0,4.92,20.0,3,0.98425535020571,1.6266785687931902e-11,2
24184,352,2019,5,22,21,19,1.14,5.0,4.94,20.1,359,1.1423153393221102,-2.96207936073288e-13,2
24185,343,2019,5,22,21,49,1.18,5.26,4.87,20.1,352,1.3003753284385,1.22446288966552e-11,2
24187,352,2019,5,22,22,49,1.15,5.0,4.96,20.0,92,1.6164953066713,8.22247210537846e-12,2
24649,345,2019,6,1,14,49,1.15,4.0,4.03,23.4,166,-9.58973504208394,6.96684919262191e-12,2
24650,345,2019,6,1,15,19,1.14,4.35,4.16,23.4,345,-9.431675052967538,1.95076860253504e-11,2
24651,345,2019,6,1,15,49,1.19,4.35,4.09,23.4,345,-9.27361506385114,2.94469240134518e-12,2
24652,343,2019,6,1,16,19,1.33,4.76,4.23,23.4,345,-9.11555507473474,1.54855292340737e-11,2
24653,356,2019,6,1,17,49,1.2,5.0,4.53,23.5,343,-8.64137510738555,2.4004209275525397e-11,2
24654,350,2019,6,1,18,19,1.06,5.0,4.47,23.5,356,-8.483315118269159,7.44121565152019e-12,2
24655,350,2019,6,1,18,49,1.0,4.76,4.36,23.5,350,-8.32525512915276,1.9982052484248698e-11,2
24657,359,2019,6,1,19,49,1.05,4.35,4.54,23.5,2,-8.00913515091997,1.5959895692971902e-11,2
24661,355,2019,6,1,21,49,0.93,4.55,4.43,23.5,3,-7.37689519445438,7.915582110418481e-12,2
24662,355,2019,6,1,22,19,0.9,4.35,4.38,23.5,355,-7.218835205337981,2.0456418943147e-11,2
24734,352,2019,6,3,12,19,0.85,3.23,3.57,23.5,170,-10.1074372263395,1.31336131582996e-11,2
24735,357,2019,6,3,12,49,0.95,3.57,3.65,23.4,352,-9.949377237223072,-3.4293804657056003e-12,2
24737,356,2019,6,3,13,49,1.02,3.85,3.71,23.2,2,-9.63325725899027,2.1652293199751397e-11,2
24738,346,2019,6,3,14,19,0.96,4.17,3.7,23.3,356,-9.475197269873881,5.089299575746151e-12,2
24740,348,2019,6,3,17,19,1.1,5.0,3.91,23.6,0,-8.52683733517549,2.21266596586497e-11,2
24741,349,2019,6,3,17,49,1.22,4.76,4.0,23.6,348,-8.3687773460591,5.563666034644441e-12,2
24743,357,2019,6,3,18,49,1.28,5.26,4.19,23.6,7,-8.0526573678263,1.5415092433677001e-12,2
24745,355,2019,6,3,19,49,1.29,4.76,4.12,23.5,2,-7.73653738959351,-2.4806475479090297e-12,2
25113,345,2019,6,11,14,49,1.16,3.57,3.72,23.0,156,-8.22674623545166,2.07562435841814e-12,2
25114,355,2019,6,11,15,19,1.26,4.17,3.82,23.2,345,-8.06868624633526,1.4616461191146598e-11,2
25115,355,2019,6,11,15,49,1.37,4.17,3.94,23.2,355,-7.91062625721886,-1.9465324328585902e-12,2
25116,343,2019,6,11,16,19,1.5,4.76,4.11,23.2,355,-7.75256626810246,1.05943043998699e-11,2
25117,343,2019,6,11,16,49,1.53,5.26,4.22,23.2,343,-7.59450627898607,-5.96868922413533e-12,2
25118,338,2019,6,11,17,19,1.51,5.26,4.27,23.3,343,-7.43644628986967,6.57214760859316e-12,2
25119,338,2019,6,11,17,49,1.5,5.26,4.3,23.4,338,-7.278386300753269,1.9112984441321604e-11,2
25120,338,2019,6,11,18,19,1.63,5.56,4.38,23.2,338,-7.120326311636879,2.54999081731642e-12,2
25121,343,2019,6,11,18,49,1.74,5.26,4.53,23.2,338,-6.96226632252048,1.5090827650044898e-11,2
25122,338,2019,6,11,19,19,1.63,5.56,4.47,23.1,343,-6.80420633340408,-1.4721659739603102e-12,2
25123,338,2019,6,11,19,49,1.63,5.56,4.45,23.1,338,-6.646146344287679,1.1068670858768199e-11,2
25124,345,2019,6,11,20,19,1.52,5.88,4.39,23.1,338,-6.48808635517129,-5.49432276523704e-12,2
25125,348,2019,6,11,20,49,1.59,5.56,4.52,23.0,345,-6.3300263660548906,7.046514067491441e-12,2
25126,348,2019,6,11,21,19,1.52,5.56,4.44,23.0,348,-6.17196637693849,1.95873509002199e-11,2
25127,348,2019,6,11,21,49,1.41,5.56,4.22,23.0,348,-6.0139063878221,3.0243572762147098e-12,2
25128,348,2019,6,11,22,19,1.45,5.56,4.28,23.0,348,-5.855846398705701,1.5565194108943198e-11,2
25129,341,2019,6,11,22,49,1.42,5.56,4.31,23.0,348,-5.6977864095893,-9.977995150620239e-13,2
25130,341,2019,6,11,23,19,1.39,5.26,4.23,23.0,341,-5.539726420472911,1.15430373176665e-11,2
25131,341,2019,6,11,23,49,1.35,5.56,4.26,22.9,341,-5.38166643135651,-5.01995630633876e-12,2
25132,349,2019,6,12,0,19,1.35,5.56,4.26,22.8,341,-5.2236064422401105,7.52088052638973e-12,2
25133,343,2019,6,12,0,49,1.28,5.26,4.24,22.9,349,-5.06554645312371,2.00617173591182e-11,2
25134,355,2019,6,12,1,19,1.29,5.56,4.39,22.9,343,-4.90748646400732,3.49872373511299e-12,2
25135,356,2019,6,12,1,49,1.26,5.56,4.42,22.9,355,-4.74942647489092,1.60395605678415e-11,2
25136,355,2019,6,12,2,19,1.12,5.56,4.35,22.8,356,-4.591366485774519,-5.23433056163739e-13,2
25138,357,2019,6,12,3,19,1.05,5.56,4.63,22.8,4,-4.27524650754173,-4.54558984744047e-12,2
25139,359,2019,6,12,3,49,0.99,5.56,4.57,22.8,357,-4.11718651842533,7.995246985288009e-12,2
25143,359,2019,6,12,5,49,0.93,5.26,4.64,22.7,4,-3.4849465619597404,-4.90665972654536e-14,2
25145,359,2019,6,12,6,49,0.88,5.26,4.5,22.7,4,-3.1688265837269505,-4.0712233885421894e-12,2
25147,353,2019,6,12,7,49,0.84,5.0,4.48,22.6,34,-2.85270660549416,-8.09338017981892e-12,2
25616,334,2019,6,22,5,19,0.76,5.0,4.99,24.6,155,-2.28001774444386,4.34674457835257e-12,2
25617,350,2019,6,22,5,49,0.74,5.26,4.9,24.6,334,-2.12195775532746,2.3356661827142e-12,2
25619,348,2019,6,22,6,49,0.73,5.0,5.03,24.5,142,-1.8058377770946699,5.5894670056209e-12,2
25623,353,2019,6,22,8,49,0.7,4.76,4.93,24.5,148,-1.17359782062908,4.821111037250861e-12,2
25624,353,2019,6,22,9,19,0.72,4.55,4.8,24.4,353,-1.01553783151269,2.81003264161249e-12,2
25625,359,2019,6,22,9,49,0.73,4.76,4.76,24.2,353,-0.8574778423962879,7.989542459741209e-13,2
25984,248,2019,6,30,8,19,0.69,2.86,3.5,24.3,186,-0.24126676443965497,-1.4463650029838503e-12,2
25985,249,2019,6,30,8,49,0.71,2.94,3.5,24.1,248,-0.083206775323258,1.8053540846949697e-13,2
26015,335,2019,6,30,23,49,0.86,3.12,3.46,26.1,182,-10.242568295679,-1.9441555472141e-12,2
26016,334,2019,7,1,0,19,0.97,3.85,3.72,26.0,335,2.36327303534694,-1.6993910940507602e-12,3
27945,350,2019,8,10,19,19,0.96,5.0,5.05,28.2,100,-11.1199126750737,-2.5356424327721802e-12,3
27947,348,2019,8,10,20,19,0.89,5.0,4.99,28.1,85,-10.803792696840901,7.181583901345101e-13,3
27948,348,2019,8,10,20,49,0.91,5.0,5.3,28.1,348,-10.6457327077245,-1.2929200055038602e-12,3
28614,355,2019,8,24,21,49,1.41,5.88,4.65,22.5,0,-8.42142840020649,-1.79835576560126e-11,3
29548,335,2019,9,13,12,19,0.78,3.45,3.51,25.8,132,-3.8376887158309705,-3.54525498769098e-12,3
29549,335,2019,9,13,12,49,0.91,3.85,3.57,25.8,335,-3.67962872671458,-2.0108248611696197e-11,3
29550,352,2019,9,13,13,19,0.95,4.0,3.7,25.6,335,-3.52156873759818,-7.56741177896772e-12,3
31159,335,2019,10,17,3,49,1.91,5.56,4.89,22.9,148,-4.34392644019808,-1.50178615903186e-11,4
31160,338,2019,10,17,4,19,1.81,5.56,4.78,22.7,335,-4.18586645108168,-3.15808552143238e-11,4
31161,346,2019,10,17,4,49,1.86,5.56,4.87,22.5,338,-4.027806461965279,1.00638120751384e-11,4
31163,350,2019,10,17,5,49,1.85,5.88,4.81,22.3,132,-3.71168648373249,-2.3062175172872102e-11,4
31165,332,2019,10,17,6,49,1.77,5.0,4.69,22.4,145,-3.39556650549969,2.01949849258491e-12,4
31180,353,2019,10,17,14,19,1.48,5.88,4.46,22.2,141,-1.02466666875374,-1.3594762213623698e-11,4
31189,328,2019,10,17,18,49,1.2,4.76,4.49,22.2,107,0.397873233293835,1.19612779107315e-11,4
31190,350,2019,10,17,19,19,1.18,5.26,4.39,22.2,328,0.555933222410232,-4.6017157132737e-12,4
31195,325,2019,10,17,21,49,1.11,4.35,4.29,22.1,154,1.34623316799222,-2.9209022919832395e-11,4
31197,348,2019,10,17,22,49,1.09,5.56,4.28,22.1,37,1.66235314622501,-4.12734925437542e-12,4
31198,331,2019,10,17,23,19,1.05,4.55,4.24,22.0,348,1.8204131353414101,-2.06903428783806e-11,4
31199,335,2019,10,17,23,49,1.08,5.0,4.23,22.1,331,1.97847312445781,-3.7253336502385897e-11,4
31200,350,2019,10,18,0,19,1.17,5.56,4.45,22.1,335,2.1365331135742,4.39133078707634e-12,4
31201,350,2019,10,18,0,49,1.28,5.56,4.64,22.1,350,2.2945931026906004,-1.21716628369289e-11,4
31202,355,2019,10,18,1,19,1.27,5.88,4.54,22.3,350,2.452653091807,-2.8734656460934102e-11,4
31203,356,2019,10,18,1,49,1.17,5.88,4.53,22.2,355,2.6107130809233903,1.29100108285281e-11,4
31204,348,2019,10,18,2,19,1.28,5.56,4.71,22.2,356,2.7687730700397903,-3.6529827954771295e-12,4
31205,353,2019,10,18,2,49,1.32,5.88,4.8,22.1,348,-11.9743281346915,-2.02159764194823e-11,4
31206,352,2019,10,18,3,19,1.27,5.88,4.8,22.1,353,-11.8162681455751,-3.67789700434876e-11,4
31208,357,2019,10,18,4,19,1.32,5.88,4.59,22.1,0,-11.500148167342301,-1.16972963780306e-11,4
31209,355,2019,10,18,4,49,1.31,5.56,4.47,22.2,357,-11.342088178225902,-2.8260290002035805e-11,4
31210,359,2019,10,18,5,19,1.42,5.56,4.43,22.2,355,-11.1840281891095,1.3384377287426402e-11,4
31211,348,2019,10,18,5,49,1.45,5.26,4.53,22.3,359,-11.0259681999931,-3.17861633657885e-12,4
31212,342,2019,10,18,6,19,1.44,5.26,4.49,22.4,348,-10.8679082108767,-1.97416099605841e-11,4
31213,346,2019,10,18,6,49,1.4,5.26,4.54,22.3,342,-10.7098482217603,-3.63046035845893e-11,4
31214,359,2019,10,18,7,19,1.28,5.88,4.51,22.4,346,-10.5517882326439,5.3400637048729096e-12,4
31215,355,2019,10,18,7,49,1.23,5.0,4.45,22.3,359,-10.3937282435275,-1.12229299191323e-11,4
31216,348,2019,10,18,8,19,1.28,5.26,4.35,22.3,355,-10.2356682544111,-2.77859235431375e-11,4
31219,355,2019,10,18,9,49,1.3,5.26,4.52,22.4,7,-9.76148828706191,-1.92672435016858e-11,4
31221,359,2019,10,18,10,49,1.6,5.88,5.2,22.9,4,-9.445368308829119,5.814430163771191e-12,4
31232,359,2019,10,18,16,19,1.9,6.67,5.39,24.2,2,-7.706708428548749,-1.75551695988399e-12,4
31354,348,2019,10,21,5,19,2.03,5.56,5.09,23.5,135,-3.32455095019597,-4.3380268030628795e-11,4
31355,341,2019,10,21,5,49,2.1,5.56,5.07,23.4,348,-3.16649096107957,-1.7356007411666102e-12,4
31356,343,2019,10,21,6,19,2.23,6.25,5.25,23.3,341,-3.0084309719631803,-1.82985943651718e-11,4
31357,341,2019,10,21,6,49,2.47,5.88,5.39,23.0,343,-2.85037098284678,-3.4861587989177e-11,4
31358,348,2019,10,21,7,19,2.34,6.25,5.15,22.9,341,-2.6923109937303797,6.783079300285151e-12,4
31359,357,2019,10,21,7,49,2.4,6.67,5.08,22.8,348,-2.5342510046139903,-9.77991432372007e-12,4
31361,350,2019,10,21,8,49,2.5,6.25,5.41,22.7,10,-2.2181310263811898,-4.29059015717305e-11,4
31468,355,2019,10,23,14,19,1.47,4.55,4.48,21.2,10,-0.20687338477437,-1.07087310227993e-11,4
31469,357,2019,10,23,14,49,1.5,4.35,4.5,21.2,355,-0.048813395657973,-2.72717246468045e-11,4
31471,359,2019,10,23,15,49,1.61,5.0,4.65,21.2,2,0.267306582574821,-2.19005098134751e-12,4
31472,355,2019,10,23,16,19,1.58,5.0,4.7,21.2,359,0.42536657169121794,-1.87530446053527e-11,4
31891,353,2019,11,1,9,49,2.54,6.25,6.38,20.6,139,-2.99240209345422,-2.26971585621704e-12,4
31892,346,2019,11,1,10,19,2.4,5.88,6.15,20.6,353,-2.83434210433783,-1.88327094802223e-11,4
31893,353,2019,11,1,10,49,2.35,6.25,6.02,20.6,346,-2.6762821152214302,-3.53957031042275e-11,4
31894,353,2019,11,1,11,19,2.28,6.25,6.06,20.6,353,-2.5182221261050297,6.24896418523471e-12,4
31895,348,2019,11,1,11,49,2.23,6.25,5.97,20.6,353,-2.36016213698863,-1.03140294387705e-11,4
31902,357,2019,11,1,15,19,2.35,6.25,6.07,20.6,2,-1.2537422131738603,-9.83966297987222e-12,4
32221,327,2019,11,8,6,49,1.24,4.17,4.27,19.8,107,-10.4372504604338,3.46251408799715e-12,4
32222,329,2019,11,8,7,19,1.36,4.55,4.23,19.8,327,-10.279190471317401,-1.31004795360081e-11,4
32223,335,2019,11,8,7,49,1.52,5.0,4.48,19.8,329,-10.121130482201,-2.96634731600133e-11,4
32224,338,2019,11,8,8,19,1.6,5.0,4.46,19.8,335,-9.96307049308465,1.1981194129448901e-11,4
32225,348,2019,11,8,8,49,1.6,5.0,4.33,19.8,338,-9.80501050396825,-4.58179949455632e-12,4
32226,343,2019,11,8,9,19,1.9,5.26,4.67,19.8,348,-9.646950514851849,-2.11447931185615e-11,4
32227,350,2019,11,8,9,49,1.94,5.88,4.67,19.8,343,-9.48889052573546,-3.77077867425668e-11,4
32228,348,2019,11,8,10,19,2.22,5.88,4.96,19.8,350,-9.330830536619061,3.93688054689543e-12,4
32229,357,2019,11,8,10,49,2.27,6.25,4.98,19.6,348,-9.17277054750266,-1.26261130771098e-11,4
32230,357,2019,11,8,11,19,2.62,6.67,5.32,19.6,357,-9.01471055838626,-2.9189106701115003e-11,4
32438,338,2019,11,12,19,19,1.42,4.0,4.45,18.7,151,-5.940555209871,-4.00397865996234e-11,4
32439,348,2019,11,12,19,49,1.73,4.55,4.6,18.7,338,-5.782495220754599,1.60488068983877e-12,4
32440,348,2019,11,12,20,19,2.14,5.26,4.94,18.8,348,-5.62443523163821,-1.49581129341664e-11,4
32441,346,2019,11,12,20,49,2.32,5.56,5.11,19.0,348,-5.466375242521809,-3.15211065581717e-11,4
32442,350,2019,11,12,21,19,2.6,6.67,5.52,19.0,346,-5.30831525340541,1.0123560731290501e-11,4
32443,356,2019,11,12,21,49,2.96,6.67,5.87,19.0,350,-5.15025526428902,-6.4394328927146906e-12,4
32568,324,2019,11,15,12,19,1.22,3.85,4.3,17.6,125,-0.293917818587046,-3.9545503922007703e-11,4
32569,334,2019,11,15,12,49,1.31,4.35,4.39,17.6,324,-0.135857829470649,2.09916336745444e-12,4
32570,339,2019,11,15,13,19,1.39,4.55,4.52,17.6,334,0.022202159645748,-1.4463830256550799e-11,4
32571,332,2019,11,15,13,49,1.45,5.0,4.56,17.6,339,0.180262148762145,-3.1026823880555996e-11,4
32572,342,2019,11,15,14,19,1.55,5.26,4.62,17.6,332,0.33832213787854204,1.0617843408906199e-11,4
32573,339,2019,11,15,14,49,1.62,5.26,4.61,17.6,342,0.496382126994939,-5.945150215099019e-12,4
32574,350,2019,11,15,15,19,1.47,5.26,4.53,17.6,339,0.6544421161113361,-2.25081438391042e-11,4
32575,355,2019,11,15,15,49,1.5,5.26,4.6,17.6,350,0.8125021052277329,-3.90711374631095e-11,4
32576,353,2019,11,15,16,19,1.5,5.26,4.41,17.6,355,0.97056209434413,2.57352982635273e-12,4
32578,357,2019,11,15,17,19,1.52,5.26,4.55,17.6,10,1.28668207257692,-3.05524574216577e-11,4
