Date(UTC),Hs(ft),TP(s),Dp(deg),Ta(s),SST(F)
1/31/2019 23:58,3.41,7.69,41,6.08,45.9
1/31/2019 23:28,3.58,7.69,40,5.93,
1/31/2019 22:28,3.74,7.14,40,5.89,45.9
1/31/2019 21:58,3.71,7.69,38,5.94,46
1/31/2019 21:28,3.84,7.69,45,6.05,46.2
1/31/2019 20:58,4.1,7.69,45,5.89,46.2
1/31/2019 20:28,3.87,8.33,58,5.66,46.2
1/31/2019 19:58,3.87,9.09,55,5.5,46.2
1/31/2019 19:28,3.87,7.69,45,5.51,46.2
1/31/2019 18:58,4.07,6.67,41,5.31,46.2
1/31/2019 18:28,4.23,6.67,37,5.23,46.2
1/31/2019 17:58,4.27,6.25,33,5.1,46.2
1/31/2019 17:28,4.59,6.67,34,4.96,46
1/31/2019 16:58,4.63,6.67,28,4.97,46
1/31/2019 16:28,4.92,5.88,28,5.09,46
1/31/2019 15:58,4.95,6.25,23,4.94,46
1/31/2019 15:28,5.09,5.88,21,4.91,46
1/31/2019 14:58,5.15,7.14,33,4.95,46
1/31/2019 14:28,5.35,5.88,19,4.85,46
1/31/2019 13:58,5.38,6.67,27,4.99,46
1/31/2019 13:28,5.54,7.14,28,4.89,46
1/31/2019 12:58,5.74,5.56,16,4.96,46
1/31/2019 12:28,6.07,6.25,24,5,46
1/31/2019 11:58,6.07,5.88,10,4.86,46.2
1/31/2019 11:28,5.54,6.25,13,4.86,46.2
1/31/2019 10:58,5.58,6.25,9,4.78,46.2
1/31/2019 10:28,5.45,6.25,12,4.68,46.2
1/31/2019 9:58,5.74,6.25,4,4.68,46.2
1/31/2019 9:28,5.61,6.25,6,4.66,46.2
1/31/2019 8:58,5.68,5.88,9,4.74,46.2
1/31/2019 8:28,5.64,5.56,357,4.73,46.2
1/31/2019 7:58,5.84,6.25,2,4.83,46.2
1/31/2019 7:28,5.54,5.26,2,4.71,46.2
1/31/2019 6:58,5.09,5.56,356,4.62,46.2
1/31/2019 6:28,5.05,5.26,355,4.59,46.2
1/31/2019 5:58,4.89,5,3,4.56,46.2
1/31/2019 5:28,4.72,4.55,353,4.28,46.2
1/31/2019 4:58,4.27,4,0,4.12,46.2
1/31/2019 4:28,3.9,10.53,58,4.08,46.2
1/31/2019 3:58,3.41,11.11,58,4.09,46.2
1/31/2019 3:28,3.18,9.88,69,4.3,46.2
1/31/2019 2:58,2.95,11.76,61,4.2,46.4
1/31/2019 2:28,3.31,11.11,66,4.62,46.4
1/31/2019 1:58,3.35,11.76,44,4.57,46.4
1/31/2019 1:28,3.44,10.53,51,4.46,46.4
1/31/2019 0:58,3.84,11.76,55,4.79,46.4
1/31/2019 0:28,3.97,10.53,51,4.61,46.4
1/30/2019 23:58,4.1,11.76,57,4.66,46.6
1/30/2019 23:28,4.43,11.11,45,4.68,46.6
1/30/2019 22:58,4.66,11.11,58,4.83,46.6
1/30/2019 22:28,4.69,11.11,64,4.6,46.6
1/30/2019 21:58,4.72,10.53,66,4.58,46.4
1/30/2019 21:28,4.66,9.88,58,4.71,46.6
1/30/2019 20:58,4.43,11.76,61,5.07,46.6
1/30/2019 20:28,4.46,10.53,61,5.25,46.6
1/30/2019 19:58,4.27,11.11,54,5.3,46.6
1/30/2019 19:28,4.23,11.11,75,5.52,46.6
1/30/2019 18:58,4.43,11.11,44,6.07,46.6
1/30/2019 18:28,4.36,10.53,59,6.18,46.6
1/30/2019 17:58,4.33,9.88,65,6.06,46.6
1/30/2019 17:28,4.66,10.53,54,6.11,46.6
1/30/2019 16:58,4.99,9.88,58,5.99,46.6
1/30/2019 16:28,5.18,11.11,42,5.74,46.6
1/30/2019 15:58,5.25,10.53,41,5.65,46.4
1/30/2019 15:28,5.22,10.53,58,5.46,46.4
1/30/2019 14:58,5.22,6.25,12,5.19,46.2
1/30/2019 14:28,5.87,11.11,47,5.5,46.2
1/30/2019 13:58,5.71,5.88,4,5.24,46.2
1/30/2019 13:28,6.33,11.11,44,5.6,46.2
1/30/2019 12:58,5.51,11.11,64,5.14,46.2
1/30/2019 12:28,5.31,9.88,73,4.98,46.2
1/30/2019 11:58,5.58,11.11,52,5.22,46.2
1/30/2019 11:28,4.99,5,2,4.84,46.2
1/30/2019 10:58,5.02,11.76,59,4.96,46.2
1/30/2019 10:28,4.99,11.11,66,4.99,46.2
1/30/2019 9:58,4.95,10.53,82,5.24,46.2
1/30/2019 9:28,5.61,11.11,76,5.55,46.2
1/30/2019 8:58,5.31,12.5,65,5.2,46
1/30/2019 8:28,5.51,11.11,54,5.09,46.2
1/30/2019 7:58,5.81,9.88,89,5.22,46.2
1/30/2019 7:28,5.94,12.5,59,5.28,46
1/30/2019 6:58,5.51,11.11,61,5.18,46.2
1/30/2019 6:28,5.61,11.11,72,5.3,46
1/30/2019 5:58,5.81,11.76,65,5.67,46
1/30/2019 5:28,5.61,9.88,97,5.68,46.2
1/30/2019 4:58,6.04,11.11,66,5.95,46.2
1/30/2019 4:28,5.94,11.11,78,5.96,46.2
1/30/2019 3:58,5.45,11.11,65,6.39,46.2
1/30/2019 3:28,5.02,11.76,68,6.85,46.4
1/30/2019 2:58,5.97,9.88,86,8.05,46.4
1/30/2019 2:28,5.61,10.53,76,8.01,46.4
1/30/2019 1:58,6,9.88,97,8.17,46.2
1/30/2019 1:28,6.23,9.88,92,8.38,46.2
1/30/2019 0:58,5.87,11.11,72,8.58,46.4
1/30/2019 0:28,5.64,10.53,72,8.43,46.2
1/29/2019 23:58,5.25,9.88,99,8.14,46.4
1/29/2019 23:28,5.84,9.88,99,8.32,46.6
1/29/2019 22:58,5.45,11.11,79,7.9,46.4
1/29/2019 22:28,4.86,9.88,100,7.45,46.4
1/29/2019 21:58,5.68,10.53,94,8.09,46.4
1/29/2019 21:28,6.04,10.53,86,8.03,46.4
1/29/2019 20:58,5.87,10.53,65,7.9,46.4
1/29/2019 20:28,5.54,11.11,85,7.75,46.4
1/29/2019 19:58,5.18,9.88,80,7.62,46.4
1/29/2019 19:28,5.97,9.88,92,7.82,46.4
1/29/2019 18:58,5.77,10.53,106,7.5,46.2
1/29/2019 18:28,5.18,10.53,94,7.21,46.2
1/29/2019 17:58,5.45,9.88,102,7.3,46.2
1/29/2019 17:28,5.28,9.88,100,7.35,46.2
1/29/2019 16:58,5.35,10.53,97,7.47,46.2
1/29/2019 16:28,5.91,9.09,79,7.67,46.2
1/29/2019 15:58,5.51,9.88,99,7.27,46.2
1/29/2019 15:28,6,9.88,104,7.64,46.2
1/29/2019 14:58,5.22,9.09,94,7.3,46.2
1/29/2019 14:28,5.05,9.09,73,7.39,46.2
1/29/2019 13:58,4.86,11.11,120,7.35,46.2
1/29/2019 13:28,5.54,9.88,99,7.67,46
1/29/2019 12:58,5.31,9.09,92,7.49,46
1/29/2019 12:28,5.51,10.53,118,7.49,46
1/29/2019 11:58,5.02,8.33,87,7.17,46
1/29/2019 11:28,4.99,9.09,97,6.98,46
1/29/2019 10:58,4.69,9.09,92,6.86,46
1/29/2019 10:28,4.69,9.88,103,6.73,46
1/29/2019 9:58,4.63,7.69,68,6.25,46.2
1/29/2019 9:28,4.79,10.53,109,6.48,46.2
1/29/2019 8:58,4.66,9.09,85,6.22,46.2
1/29/2019 8:28,4.76,9.88,109,6.17,46.6
1/29/2019 7:58,4.59,8.33,83,5.92,46.6
1/29/2019 7:28,4.69,8.33,85,6.02,46.6
1/29/2019 6:58,4.79,8.33,80,5.88,46.4
1/29/2019 6:28,4.63,8.33,68,5.75,46.6
1/29/2019 5:58,4.36,6.67,35,5.3,46.6
1/29/2019 5:28,4.49,6.67,42,5.31,46.6
1/29/2019 4:58,4.46,6.67,33,5.13,46.8
1/29/2019 4:28,4.72,6.25,34,5.3,46.8
1/29/2019 3:58,4.82,7.14,44,5.18,46.4
1/29/2019 3:28,4.66,7.14,41,5.05,46.6
1/29/2019 2:58,4.92,6.67,34,5.06,46.6
1/29/2019 2:28,4.99,7.14,38,5,46.6
1/29/2019 1:58,5.05,6.25,33,4.91,46.6
1/29/2019 1:28,5.74,7.14,38,5.06,46.8
1/29/2019 0:58,5.74,7.14,34,4.95,46.8
1/29/2019 0:28,6.3,7.14,47,5.08,46.8
1/28/2019 23:58,6.2,7.14,48,4.98,46.8
1/28/2019 23:28,6.56,7.14,45,5.16,46.8
1/28/2019 22:58,6.5,7.14,48,5.01,46.8
1/28/2019 22:28,6.69,7.69,49,5.09,46.8
1/28/2019 21:58,7.05,7.14,44,5.2,46.8
1/28/2019 21:28,6.79,6.25,30,5.18,46.8
1/28/2019 20:58,7.15,7.14,40,5.28,46.8
1/28/2019 20:28,6.92,6.67,33,5.09,46.8
1/28/2019 19:58,7.12,7.14,42,5.1,46.8
1/28/2019 19:28,6.86,7.69,41,5.11,46.9
1/28/2019 18:58,7.71,7.14,28,5.41,46.9
1/28/2019 18:28,7.35,7.14,27,5.15,
1/28/2019 17:28,8.17,6.67,23,5.25,47.1
1/28/2019 16:58,7.91,6.67,20,5.18,47.1
1/28/2019 16:28,8.04,6.67,20,5.19,47.1
1/28/2019 15:58,8.56,6.25,12,5.37,47.1
1/28/2019 15:28,8.01,6.25,16,5.03,47.1
1/28/2019 14:58,7.28,5.88,12,4.83,47.3
1/28/2019 14:28,6.73,5.26,17,4.64,47.3
1/28/2019 13:58,6.33,5.26,16,4.43,47.5
1/28/2019 13:28,5.58,5,13,4.16,47.5
1/28/2019 12:58,4.72,4.35,13,4.01,47.5
1/28/2019 12:28,4.13,4.17,9,3.74,47.5
1/28/2019 11:58,3.87,4,10,3.71,47.5
1/28/2019 11:28,3.54,4,4,3.68,47.1
1/28/2019 10:58,3.38,3.7,4,3.59,47.1
1/28/2019 10:28,3.05,3.33,2,3.52,47.1
1/28/2019 9:58,2.79,3.03,9,3.47,46.9
1/28/2019 9:28,2.56,9.09,100,3.64,46.8
1/28/2019 8:58,2.33,9.09,94,4.12,46.6
1/28/2019 8:28,2.17,9.09,89,4.29,46.8
1/28/2019 7:58,2.26,8.33,96,4.85,46.9
1/28/2019 7:28,2.1,7.69,93,4.85,47.3
1/28/2019 6:58,2.17,8.33,97,5.15,47.3
1/28/2019 6:28,2.07,9.09,94,6.61,47.1
1/28/2019 5:58,2.03,7.69,110,6.83,47.1
1/28/2019 5:28,2.1,7.14,97,6.84,47.1
1/28/2019 4:58,2.1,8.33,103,6.76,47.1
1/28/2019 4:28,2.13,7.69,104,6.71,47.1
1/28/2019 3:58,2.26,7.69,110,7.23,47.1
1/28/2019 3:28,2.1,9.88,89,7.36,47.1
1/28/2019 2:58,2.13,9.09,104,7.17,47.3
1/28/2019 2:28,2.2,7.69,107,7.22,47.5
1/28/2019 1:58,2.1,7.14,104,7.09,47.7
1/28/2019 1:28,2.26,7.14,117,7.17,47.8
1/28/2019 0:58,2.1,8.33,117,7.22,47.7
1/28/2019 0:28,2.36,8.33,120,7.32,47.7
1/27/2019 23:58,2.23,9.09,106,7.24,47.5
1/27/2019 23:28,2.2,9.09,106,7.33,47.5
1/27/2019 22:58,2.33,7.69,116,7.2,47.5
1/27/2019 22:28,2.3,9.88,86,7.41,47.8
1/27/2019 21:58,2.2,7.69,106,7.1,47.8
1/27/2019 21:28,2.53,7.69,118,7.13,47.8
1/27/2019 20:58,2.26,7.69,121,7.09,47.8
1/27/2019 20:28,2.3,9.09,111,7.28,47.8
1/27/2019 19:58,2.26,8.33,106,7.31,47.8
1/27/2019 19:28,2.23,7.14,120,7.06,47.8
1/27/2019 18:58,2.3,7.69,117,7.14,47.5
1/27/2019 18:28,2.3,8.33,107,7.23,47.1
1/27/2019 17:58,2.4,9.09,113,7.33,47.1
1/27/2019 17:28,2.33,7.69,111,7.17,47.1
1/27/2019 16:58,2.33,7.69,120,6.98,46.9
1/27/2019 16:28,2.26,9.09,104,7.12,46.8
1/27/2019 15:58,2.36,7.69,116,7.06,46.8
1/27/2019 15:28,2.43,7.14,125,7.08,46.8
1/27/2019 14:58,2.49,7.69,116,7.09,46.8
1/27/2019 14:28,2.17,8.33,120,7.08,46.6
1/27/2019 13:58,2.17,7.69,111,7.13,46.6
1/27/2019 13:28,2.4,7.14,121,7.27,46.6
1/27/2019 12:58,2.26,7.14,120,7.08,46.6
1/27/2019 12:28,2.33,7.69,125,7.15,46.6
1/27/2019 11:58,2.2,8.33,111,7.47,46.6
1/27/2019 11:28,2.13,9.09,117,7.46,46.8
1/27/2019 10:58,2.36,7.69,124,7.52,46.8
1/27/2019 10:28,2.1,7.69,116,7.3,46.6
1/27/2019 9:58,2.17,8.33,114,7.47,46.6
1/27/2019 9:28,2.3,8.33,111,7.57,46.6
1/27/2019 8:58,2.3,8.33,116,7.46,46.6
1/27/2019 8:28,2.33,7.69,116,7.52,46.2
1/27/2019 7:58,2.3,8.33,114,7.42,46.6
1/27/2019 7:28,2.2,8.33,121,7.35,46
1/27/2019 6:58,2.53,7.69,117,7.34,46
1/27/2019 6:28,2.33,7.69,117,7.06,47.1
1/27/2019 5:58,2.1,7.69,113,7.07,47.5
1/27/2019 5:28,2.4,8.33,114,7.08,47.5
1/27/2019 4:58,2.17,9.09,106,6.97,47.3
1/27/2019 4:28,2.43,8.33,116,7.01,47.5
1/27/2019 3:58,2.26,8.33,111,6.68,47.5
1/27/2019 3:28,2.43,8.33,118,6.76,47.1
1/27/2019 2:58,2.46,8.33,104,6.7,47.5
1/27/2019 2:28,2.49,8.33,118,6.59,47.5
1/27/2019 1:58,2.33,8.33,114,6.42,47.7
1/27/2019 1:28,2.56,8.33,109,6.49,47.8
1/27/2019 0:58,2.49,7.69,120,6.47,47.8
1/27/2019 0:28,2.46,7.69,125,6.35,48.4
1/26/2019 23:58,2.69,8.33,117,6.56,48
1/26/2019 23:28,2.69,8.33,111,6.59,48.2
1/26/2019 22:58,2.72,8.33,123,6.63,48
1/26/2019 22:28,2.56,8.33,113,6.91,48.6
1/26/2019 21:58,2.56,8.33,106,7.08,48.6
1/26/2019 21:28,2.43,8.33,123,7.03,47.7
1/26/2019 20:58,2.59,9.09,109,7.21,48
1/26/2019 20:28,2.66,8.33,131,7.18,47.8
1/26/2019 19:58,2.62,8.33,113,7.25,48
1/26/2019 19:28,2.69,8.33,120,7.24,48.7
1/26/2019 18:58,2.76,8.33,114,7.25,48.9
1/26/2019 18:28,2.62,9.09,107,7.29,48.2
1/26/2019 17:58,2.79,8.33,117,7.3,48
1/26/2019 17:28,2.62,9.09,106,7.18,48
1/26/2019 16:58,2.85,8.33,113,7.06,47.7
1/26/2019 16:28,2.62,8.33,137,7.08,47.5
1/26/2019 15:58,2.69,8.33,125,7.03,47.5
1/26/2019 15:28,2.99,8.33,125,7.14,47.1
1/26/2019 14:58,2.69,8.33,131,6.88,46.9
1/26/2019 14:28,2.72,9.09,118,7.08,46.8
1/26/2019 13:58,2.85,7.69,128,6.95,46.9
1/26/2019 13:28,2.82,8.33,130,6.79,47.5
1/26/2019 12:58,3.22,9.09,111,7.24,47.7
1/26/2019 12:28,2.95,9.09,111,7.11,47.5
1/26/2019 11:58,2.56,8.33,114,6.8,47.3
1/26/2019 11:28,3.22,9.09,120,7.38,47.7
1/26/2019 10:58,3.02,9.09,120,7.21,47.5
1/26/2019 10:28,2.82,9.09,116,6.96,47.5
1/26/2019 9:58,3.18,9.09,116,7.36,47.5
1/26/2019 9:28,2.82,9.09,125,7.01,47.7
1/26/2019 8:58,3.05,9.09,130,7.11,47.7
1/26/2019 8:28,2.85,9.09,114,6.97,47.5
1/26/2019 7:58,2.95,9.09,120,7,47.5
1/26/2019 7:28,2.79,9.09,118,6.96,47.5
1/26/2019 6:58,2.95,9.09,121,7.04,47.5
1/26/2019 6:28,3.08,9.88,114,7.07,47.5
1/26/2019 5:58,2.95,9.09,121,7.07,47.8
1/26/2019 5:28,3.12,9.09,123,6.89,47.8
1/26/2019 4:58,3.05,9.09,127,6.67,47.8
1/26/2019 4:28,2.99,9.09,131,6.42,47.8
1/26/2019 3:58,3.15,9.09,127,6.39,47.8
1/26/2019 3:28,3.15,9.09,138,6.39,47.8
1/26/2019 2:58,3.15,9.09,138,6.06,47.8
1/26/2019 2:28,3.48,9.88,116,6.24,47.8
1/26/2019 1:58,3.58,9.88,135,6.4,47.8
1/26/2019 1:28,3.54,9.88,130,6.37,48
1/26/2019 0:58,3.64,9.09,127,6.48,48
1/26/2019 0:28,3.74,9.88,123,6.28,47.8
1/25/2019 23:58,3.81,9.88,134,5.98,48
1/25/2019 23:28,4.04,9.88,144,6.01,48
1/25/2019 22:58,4.27,9.88,138,6.23,48
1/25/2019 22:28,4,9.88,138,5.97,48
1/25/2019 21:58,4.1,9.88,124,6.23,48
1/25/2019 21:28,4.27,9.88,155,6.32,48.2
1/25/2019 20:58,4.33,9.88,137,6.37,48
1/25/2019 20:28,4.43,10.53,139,6.5,48
1/25/2019 19:58,4.33,9.09,134,6.48,48.2
1/25/2019 19:28,4.79,9.88,148,6.74,48.4
1/25/2019 18:58,5.09,9.88,144,7.05,48.4
1/25/2019 18:28,4.66,9.88,145,7.1,48.4
1/25/2019 17:58,5.41,9.88,137,7.35,48.4
1/25/2019 17:28,5.31,10.53,131,7.43,48.4
1/25/2019 16:58,5.12,9.88,132,7.18,48.2
1/25/2019 16:28,5.41,10.53,125,7.23,47.8
1/25/2019 15:58,6.3,9.88,131,7.56,48
1/25/2019 15:28,6.27,10.53,137,7.47,48
1/25/2019 14:58,6.53,9.88,131,7.39,47.8
1/25/2019 14:28,6.53,11.11,128,7.39,47.8
1/25/2019 13:58,5.97,10.53,127,7.09,47.8
1/25/2019 13:28,6.5,10.53,139,7.3,47.8
1/25/2019 12:58,6.23,10.53,132,6.97,47.8
1/25/2019 12:28,6.59,11.11,134,7.06,47.8
1/25/2019 11:58,6.4,10.53,130,6.85,47.7
1/25/2019 11:28,6.82,10.53,137,7,47.8
1/25/2019 10:58,6.96,11.11,118,7.14,47.8
1/25/2019 10:28,6.23,11.11,120,6.42,47.8
1/25/2019 9:58,6.79,10.53,131,6.82,47.7
1/25/2019 9:28,7.45,10.53,125,6.93,47.8
1/25/2019 8:58,7.09,10.53,128,7.04,47.7
1/25/2019 8:28,7.19,11.11,134,6.75,47.7
1/25/2019 7:58,6.76,10.53,124,6.34,47.7
1/25/2019 7:28,7.09,11.76,138,7.04,47.7
1/25/2019 6:58,6.33,11.76,125,6.48,47.5
1/25/2019 6:28,6.33,10.53,132,6.62,47.5
1/25/2019 5:58,6.3,10.53,137,6.56,47.5
1/25/2019 5:28,6.82,10.53,130,7.23,47.5
1/25/2019 4:58,7.09,11.11,130,7.69,47.5
1/25/2019 4:28,5.94,11.11,134,7.31,47.5
1/25/2019 3:58,6.82,11.76,135,7.82,47.5
1/25/2019 3:28,6.99,11.76,145,7.94,47.5
1/25/2019 2:58,7.91,11.76,135,8.45,47.8
1/25/2019 2:28,6.99,12.5,135,8.48,47.8
1/25/2019 1:58,7.15,11.76,134,8.52,48
1/25/2019 1:28,7.35,11.11,135,8.31,48
1/25/2019 0:58,7.74,11.76,137,8.39,48
1/25/2019 0:28,8.43,11.11,135,8.61,48
1/24/2019 23:58,8.46,11.76,139,8.25,47.8
1/24/2019 23:28,8.99,11.76,142,8.49,48
1/24/2019 22:58,9.65,11.76,139,8.73,47.8
1/24/2019 22:28,8.79,10.53,147,7.8,47.8
1/24/2019 21:58,9.51,11.11,144,7.97,47.8
1/24/2019 21:28,10.4,11.11,139,8.24,47.8
1/24/2019 20:58,10.4,11.76,142,7.74,47.5
1/24/2019 20:28,11.45,11.76,147,8.02,47.5
1/24/2019 19:58,11.84,11.11,155,7.91,47.5
1/24/2019 19:28,11.19,11.11,154,7.33,47.5
1/24/2019 18:58,12.04,10.53,139,7.36,47.5
1/24/2019 18:28,11.29,10.53,151,6.94,47.5
1/24/2019 17:58,11.65,11.76,147,7.07,47.5
1/24/2019 17:28,11.15,9.88,152,6.64,47.5
1/24/2019 16:58,12.14,10.53,145,6.8,47.3
1/24/2019 16:28,12.8,10.53,145,7.3,
1/24/2019 15:28,11.19,10.53,142,6.7,47.1
1/24/2019 14:58,12.8,9.88,147,6.89,47.1
1/24/2019 14:28,12.4,9.09,148,6.75,47.1
1/24/2019 13:58,11.68,9.88,148,6.71,46.8
1/24/2019 13:28,10.7,8.33,151,6.44,46.6
1/24/2019 12:58,9.88,9.09,156,6.43,46.2
1/24/2019 12:28,9.45,9.09,154,6.31,46.2
1/24/2019 11:58,8.66,8.33,152,6.09,
1/24/2019 10:58,8.53,9.09,145,6.13,45.3
1/24/2019 10:28,8.33,8.33,145,6.12,45.3
1/24/2019 9:58,8.07,8.33,145,6.02,45.1
1/24/2019 9:28,7.45,8.33,151,5.87,45.1
1/24/2019 8:58,7.87,8.33,149,5.96,45
1/24/2019 8:28,6.99,7.69,147,5.81,44.8
1/24/2019 7:58,6.53,8.33,154,5.76,44.8
1/24/2019 7:28,6.56,7.69,144,5.52,44.8
1/24/2019 6:58,6.53,7.69,144,5.7,44.8
1/24/2019 6:28,6.63,7.69,137,5.68,44.8
1/24/2019 5:58,6.46,7.69,148,5.46,44.8
1/24/2019 5:28,6.79,7.14,149,5.3,44.8
1/24/2019 4:58,6.92,7.14,139,5.39,44.8
1/24/2019 4:28,6.3,7.14,142,5.48,44.8
1/24/2019 3:58,6.04,6.25,148,5.36,44.8
1/24/2019 3:28,5.94,6.67,147,5.34,44.8
1/24/2019 2:58,4.63,5.88,149,4.94,45
1/24/2019 2:28,4.04,5.56,137,4.45,45
1/24/2019 1:58,3.71,5.56,130,4.05,45
1/24/2019 1:28,3.71,4.76,137,4.13,45
1/24/2019 0:58,3.48,5,131,4.09,45
1/24/2019 0:28,3.64,5,128,4.08,45
1/23/2019 23:58,3.77,4.55,130,4.15,45
1/23/2019 23:28,3.48,4.35,144,4.18,45.1
1/23/2019 22:58,3.44,4.35,144,4.31,45.1
1/23/2019 22:28,3.18,4.35,138,4.32,45.3
1/23/2019 21:58,2.85,4.17,144,4.33,45.7
1/23/2019 21:28,3.15,4,139,4.22,45.7
1/23/2019 20:58,3.02,9.09,78,4.09,45.7
1/23/2019 20:28,2.76,9.09,66,4.08,46
1/23/2019 19:58,2.56,11.11,65,4.31,46
1/23/2019 19:28,2.46,9.09,78,4.71,46
1/23/2019 18:58,2.66,9.09,71,4.79,46
1/23/2019 18:28,2.62,9.88,65,4.47,46
1/23/2019 17:58,2.46,10.53,68,4.63,46
1/23/2019 17:28,2.46,8.33,75,4.78,45.7
1/23/2019 16:58,2.43,9.09,76,4.45,45.7
1/23/2019 16:28,2.36,8.33,78,5.07,45.3
1/23/2019 15:58,2.46,8.33,69,5.33,45.1
1/23/2019 15:28,2.49,9.09,64,5.17,45.7
1/23/2019 14:58,2.46,9.09,72,5.25,45.9
1/23/2019 14:28,2.49,8.33,58,5.15,45.7
1/23/2019 13:58,2.46,7.14,64,5.08,45.7
1/23/2019 13:28,2.76,7.69,59,5.49,45.7
1/23/2019 12:58,2.59,8.33,68,4.89,46.2
1/23/2019 12:28,2.62,7.14,58,5.23,46.2
1/23/2019 11:58,2.59,6.25,45,5.64,46.2
1/23/2019 11:28,2.89,6.67,42,5.77,46.2
1/23/2019 10:58,2.76,7.14,49,5.82,46.2
1/23/2019 10:28,3.05,6.67,38,5.86,46.2
1/23/2019 9:58,2.99,6.25,38,5.88,46.2
1/23/2019 9:28,2.95,6.67,47,5.9,46.2
1/23/2019 8:58,3.02,6.25,42,5.82,46
1/23/2019 8:28,3.12,5.88,44,5.86,46
1/23/2019 7:58,3.44,7.14,41,5.99,46
1/23/2019 7:28,3.38,6.25,37,5.89,46
1/23/2019 6:58,3.51,6.67,42,5.77,46
1/23/2019 6:28,3.25,7.14,42,5.92,46
1/23/2019 5:58,3.44,7.69,41,5.99,45.9
1/23/2019 5:28,3.71,7.69,41,6.1,45.7
1/23/2019 4:58,3.41,7.69,34,5.89,46.4
1/23/2019 4:28,3.64,7.14,40,5.97,46.6
1/23/2019 3:58,3.71,7.69,37,6.01,46.4
1/23/2019 3:28,4.23,7.14,35,6.17,46.6
1/23/2019 2:58,4.17,7.69,33,5.91,46.8
1/23/2019 2:28,4.2,7.69,31,5.89,46.8
1/23/2019 1:58,4.2,7.69,34,5.88,46.8
1/23/2019 1:28,4.23,7.14,30,5.86,46.8
1/23/2019 0:58,4.4,7.14,31,5.93,46.8
1/23/2019 0:28,4.4,7.69,37,5.75,46.8
1/22/2019 23:58,4.43,7.14,31,5.79,46.8
1/22/2019 23:28,4.53,7.14,28,5.67,46.8
1/22/2019 22:58,4.72,7.69,30,5.69,46.8
1/22/2019 22:28,4.69,7.69,35,5.72,46.9
1/22/2019 21:58,4.49,8.33,42,5.52,46.9
1/22/2019 21:28,5.05,5.56,17,5.58,46.9
1/22/2019 20:58,4.92,7.14,34,5.55,46.9
1/22/2019 20:28,5.12,6.25,24,5.56,46.9
1/22/2019 19:58,5.05,8.33,37,5.66,
1/22/2019 18:58,4.89,7.14,33,5.35,46.9
1/22/2019 18:28,5.25,6.25,23,5.29,46.9
1/22/2019 17:58,5.05,7.14,23,5.27,46.9
1/22/2019 17:28,5.45,7.69,28,5.34,46.9
1/22/2019 16:58,5.41,7.69,28,5.21,46.9
1/22/2019 16:28,5.71,7.69,26,5.3,46.9
1/22/2019 15:58,5.51,5.88,13,5.19,46.9
1/22/2019 15:28,6.1,7.69,31,5.53,46.9
1/22/2019 14:58,5.74,7.69,27,5.33,46.9
1/22/2019 14:28,6.07,8.33,33,5.38,46.9
1/22/2019 13:58,6.3,7.69,23,5.46,46.9
1/22/2019 13:28,6.07,7.69,27,5.45,46.9
1/22/2019 12:58,6.14,7.14,20,5.35,46.9
1/22/2019 12:28,6.07,7.69,24,5.32,46.9
1/22/2019 11:58,6.07,7.69,28,5.34,47.1
1/22/2019 11:28,6.4,6.67,19,5.22,47.1
1/22/2019 10:58,6.27,8.33,30,5.34,47.1
1/22/2019 10:28,6.46,7.69,24,5.32,47.1
1/22/2019 9:58,6.56,7.14,19,5.33,47.1
1/22/2019 9:28,6.43,8.33,34,5.21,47.1
1/22/2019 8:58,6.92,7.69,28,5.34,47.1
1/22/2019 8:28,6.46,6.25,4,5.12,47.1
1/22/2019 7:58,6.66,7.69,27,5.32,47.1
1/22/2019 7:28,6.66,6.67,7,5.19,47.1
1/22/2019 6:58,6.59,5.88,350,5.1,47.1
1/22/2019 6:28,7.19,6.25,355,5.25,47.1
1/22/2019 5:58,7.22,7.14,7,5.27,47.1
1/22/2019 5:28,7.58,7.14,6,5.34,47.1
1/22/2019 4:58,7.68,6.25,355,5.26,47.1
1/22/2019 4:28,7.45,8.33,31,5.42,47.3
1/22/2019 3:58,7.15,7.69,21,5.16,47.3
1/22/2019 3:28,7.32,7.14,7,5.21,47.3
1/22/2019 2:58,7.25,6.25,356,5.19,47.3
1/22/2019 2:28,7.32,6.67,355,5.32,47.3
1/22/2019 1:58,6.96,8.33,30,5.16,47.5
1/22/2019 1:28,7.02,6.67,356,5.16,47.5
1/22/2019 0:58,7.12,7.14,2,5.24,47.5
1/22/2019 0:28,6.92,6.67,357,5.13,47.5
1/21/2019 23:58,6.79,6.67,357,5.24,47.5
1/21/2019 23:28,6.66,6.67,359,5.02,47.5
1/21/2019 22:58,6.63,6.67,353,5.07,47.5
1/21/2019 22:28,6.92,7.69,20,5.3,47.5
1/21/2019 21:58,6.73,6.67,355,5.23,47.5
1/21/2019 21:28,6.86,6.25,348,5.19,47.7
1/21/2019 20:58,6.53,6.25,345,5.12,47.7
1/21/2019 20:28,7.09,6.25,350,5.25,47.5
1/21/2019 19:58,7.05,6.25,353,5.12,47.7
1/21/2019 19:28,6.86,6.67,0,5.2,47.7
1/21/2019 18:58,7.38,7.69,19,5.19,47.7
1/21/2019 18:28,7.25,7.69,16,5.24,47.8
1/21/2019 17:58,7.35,8.33,27,5.33,47.8
1/21/2019 17:28,7.84,8.33,21,5.49,47.8
1/21/2019 16:58,7.32,8.33,34,5.36,47.8
1/21/2019 16:28,7.25,9.09,38,5.29,47.8
1/21/2019 15:58,8.04,6.25,353,5.54,47.8
1/21/2019 15:28,7.97,7.69,14,5.65,47.8
1/21/2019 14:58,7.87,7.69,12,5.54,47.8
1/21/2019 14:28,8.37,7.69,13,5.63,47.8
1/21/2019 13:58,8.37,7.69,6,5.53,47.8
1/21/2019 13:28,9.06,7.14,355,5.65,47.8
1/21/2019 12:58,9.19,7.69,9,5.72,47.7
1/21/2019 12:28,9.32,7.14,356,5.84,47.5
1/21/2019 11:58,9.12,7.69,359,5.66,47.5
1/21/2019 11:28,8.86,7.69,0,5.76,47.5
1/21/2019 10:58,9.38,7.69,7,5.79,47.5
1/21/2019 10:28,8.96,7.69,9,5.74,47.5
1/21/2019 9:58,9.74,8.33,19,5.92,47.5
1/21/2019 9:28,9.51,7.14,353,5.8,47.5
1/21/2019 8:58,10.3,7.14,355,6.04,47.5
1/21/2019 8:28,10.5,7.69,4,6.08,47.5
1/21/2019 7:58,9.55,6.67,355,5.58,47.5
1/21/2019 7:28,9.45,7.14,355,5.63,47.5
1/21/2019 6:58,9.94,7.14,355,5.79,47.7
1/21/2019 6:28,9.51,7.14,356,5.55,47.5
1/21/2019 5:58,8.83,7.14,352,5.5,47.5
1/21/2019 5:28,9.12,7.14,350,5.4,47.5
1/21/2019 4:58,8.86,7.14,352,5.36,47.5
1/21/2019 4:28,9.22,7.14,357,5.55,47.5
1/21/2019 3:58,9.74,7.69,3,5.54,47.5
1/21/2019 3:28,8.89,7.14,0,5.51,47.5
1/21/2019 2:58,8.79,7.69,0,5.46,47.5
1/21/2019 2:28,8.89,7.14,357,5.34,47.5
1/21/2019 1:58,9.91,7.14,3,5.63,47.5
1/21/2019 1:28,9.42,7.14,359,5.36,47.5
1/21/2019 0:58,9.12,7.14,357,5.36,47.5
1/21/2019 0:28,8.46,6.67,349,5.39,47.5
1/20/2019 23:58,8.01,7.14,357,5.38,47.5
1/20/2019 23:28,8.46,6.25,350,5.41,47.5
1/20/2019 22:58,8.56,6.67,350,5.36,47.5
1/20/2019 22:28,8.5,5.88,352,5.32,47.3
1/20/2019 21:58,8.01,5.88,346,5.08,47.1
1/20/2019 21:28,7.45,5.26,350,5.05,47.1
1/20/2019 20:58,7.05,9.09,151,5.03,46.8
1/20/2019 20:28,6.79,9.09,144,5.14,46.6
1/20/2019 19:58,6.99,9.88,152,5.32,46.6
1/20/2019 19:28,6.66,9.88,147,6.34,46.8
1/20/2019 18:58,7.22,9.88,139,7.23,46.6
1/20/2019 18:28,7.05,9.88,139,6.99,46.6
1/20/2019 17:58,7.84,9.88,152,7.3,46.4
1/20/2019 17:28,7.32,9.88,151,7.21,46.2
1/20/2019 16:58,7.55,9.88,145,7.24,46.2
1/20/2019 16:28,7.68,9.09,152,7.24,46.2
1/20/2019 15:58,7.09,9.09,148,6.86,46.2
1/20/2019 15:28,7.78,9.09,152,6.9,46
1/20/2019 14:58,7.55,9.09,149,6.79,46
1/20/2019 14:28,7.91,9.88,142,6.82,46
1/20/2019 13:58,7.84,9.09,148,6.9,46
1/20/2019 13:28,7.51,9.88,145,6.7,46
1/20/2019 12:58,7.58,9.09,148,6.65,45.9
1/20/2019 12:28,6.96,9.09,145,6.43,46
1/20/2019 11:58,6.53,8.33,148,6.1,46.2
1/20/2019 11:28,6.53,8.33,149,5.92,46.2
1/20/2019 10:58,6.27,8.33,155,5.68,46.2
1/20/2019 10:28,6.92,8.33,148,5.92,46.2
1/20/2019 9:58,6.86,9.09,151,6.04,46
1/20/2019 9:28,6.2,8.33,148,5.83,46
1/20/2019 8:58,6.89,8.33,149,6.16,46
1/20/2019 8:28,7.19,8.33,147,6.29,46
1/20/2019 7:58,7.22,7.69,151,6.23,46
1/20/2019 7:28,6.63,7.69,141,5.86,46
1/20/2019 6:58,5.84,6.67,131,5.59,46
1/20/2019 6:28,6.07,7.14,139,5.52,46
1/20/2019 5:58,6,6.67,139,5.34,46
1/20/2019 5:28,5.91,6.67,135,5.39,46
1/20/2019 4:58,4.4,6.25,135,4.9,46.2
1/20/2019 4:28,3.48,4.55,104,4.44,46.6
1/20/2019 3:58,3.22,4.55,59,4.34,47.5
1/20/2019 3:28,2.62,7.69,80,4.44,47.5
1/20/2019 2:58,2.4,7.69,62,4.59,47.8
1/20/2019 2:28,2.49,8.33,75,4.76,48
1/20/2019 1:58,2.46,7.69,78,4.85,48
1/20/2019 1:28,2.49,4.35,35,4.78,48
1/20/2019 0:58,2.26,9.88,90,4.73,48
1/20/2019 0:28,2.3,4.35,26,4.62,48
1/19/2019 23:58,2.3,4.35,24,4.64,48
1/19/2019 23:28,2.3,4.17,21,4.5,48
1/19/2019 22:58,2.36,4.35,31,4.47,48
1/19/2019 22:28,2.43,4.55,31,4.67,48
1/19/2019 21:58,2.53,9.88,89,4.67,48
1/19/2019 21:28,2.46,4.35,34,4.44,48
1/19/2019 20:58,2.43,4.35,20,4.23,48
1/19/2019 20:28,2.46,4.35,35,4.32,48.2
1/19/2019 19:58,2.72,4.55,37,4.44,48
1/19/2019 19:28,2.72,4.55,33,4.39,48
1/19/2019 18:58,2.62,4.76,41,4.42,48
1/19/2019 18:28,2.69,4.35,35,4.41,48.2
1/19/2019 17:58,2.66,4.55,28,4.37,48
1/19/2019 17:28,2.76,4.76,42,4.3,48
1/19/2019 16:58,2.82,4.35,33,4.32,48
1/19/2019 16:28,2.95,4.55,40,4.36,48
1/19/2019 15:58,2.76,4.35,37,4.31,48
1/19/2019 15:28,2.82,4.35,38,4.12,47.8
1/19/2019 14:58,2.82,4.35,26,4.14,47.8
1/19/2019 14:28,2.82,4,41,4.11,47.8
1/19/2019 13:58,2.66,4,28,3.95,47.8
1/19/2019 13:28,2.62,8.33,59,4.09,47.8
1/19/2019 12:58,2.62,3.85,41,3.98,48
1/19/2019 12:28,2.69,3.85,41,3.94,48
1/19/2019 11:58,2.62,3.7,38,4.04,47.8
1/19/2019 11:28,2.46,3.57,41,3.88,47.8
1/19/2019 10:58,2.49,8.33,59,3.91,48
1/19/2019 10:28,2.49,8.33,65,4.12,48
1/19/2019 9:58,2.46,8.33,69,4.14,48
1/19/2019 9:28,2.4,9.09,59,4.01,47.8
1/19/2019 8:58,2.3,9.88,90,3.92,48
1/19/2019 8:28,2.46,9.09,69,4.11,48
1/19/2019 7:58,2.26,8.33,61,3.87,48
1/19/2019 7:28,2.2,9.09,64,3.81,48
1/19/2019 6:58,2.17,10.53,66,3.79,48
1/19/2019 6:28,2.17,11.11,69,3.83,48
1/19/2019 5:58,2.26,9.88,76,3.81,48
1/19/2019 5:28,2.13,10.53,66,3.84,48
1/19/2019 4:58,2.13,9.09,68,3.94,48
1/19/2019 4:28,2,11.11,48,3.81,48
1/19/2019 3:58,1.9,11.11,80,3.73,48
1/19/2019 3:28,1.84,11.11,76,4,48
1/19/2019 2:58,1.8,10.53,68,3.95,48
1/19/2019 2:28,1.64,9.88,57,4.48,48
1/19/2019 1:58,1.51,9.09,58,4.98,48
1/19/2019 1:28,1.48,11.11,65,5.02,48.2
1/19/2019 0:58,1.54,9.88,69,5.01,48
1/19/2019 0:28,1.51,11.11,58,4.81,48
1/18/2019 23:58,1.57,9.88,68,4.62,48
1/18/2019 23:28,1.74,10.53,68,4.28,48
1/18/2019 22:58,1.61,11.11,64,4.22,48.2
1/18/2019 22:28,1.44,9.09,59,5.34,48.4
1/18/2019 21:58,1.41,9.09,64,5.65,48.4
1/18/2019 21:28,1.38,10.53,65,5.36,48.4
1/18/2019 20:58,1.35,10.53,64,6.52,48.4
1/18/2019 20:28,1.35,11.76,66,6.65,48.4
1/18/2019 19:58,1.38,11.11,65,6.35,48.4
1/18/2019 19:28,1.35,10.53,66,6.06,48.4
1/18/2019 18:58,1.41,8.33,59,5.99,48.4
1/18/2019 18:28,1.28,9.09,61,5.29,48.4
1/18/2019 17:58,1.48,9.88,68,5.39,48.4
1/18/2019 17:28,1.57,9.88,57,5.13,48.2
1/18/2019 16:58,1.57,11.76,68,5.19,48.2
1/18/2019 16:28,1.57,9.09,59,5.4,48
1/18/2019 15:58,1.57,9.88,58,5.32,48
1/18/2019 15:28,1.54,10.53,54,4.99,48
1/18/2019 14:58,1.71,10.53,48,4.43,48
1/18/2019 14:28,1.71,9.88,44,4.33,48
1/18/2019 13:58,1.84,10.53,52,4.6,48
1/18/2019 13:28,1.84,10.53,28,4.74,48
1/18/2019 12:58,1.9,9.88,47,4.49,48
1/18/2019 12:28,2,9.09,58,4.34,48
1/18/2019 11:58,2.07,9.88,48,4.55,48
1/18/2019 11:28,2,10.53,58,4.46,48
1/18/2019 10:58,2.03,10.53,49,4.25,48
1/18/2019 10:28,2.17,9.88,68,4.25,48
1/18/2019 9:58,2.23,9.88,82,4.02,48
1/18/2019 9:28,2.26,10.53,68,4.05,48
1/18/2019 8:58,2.43,10.53,61,4.42,48
1/18/2019 8:28,2.2,9.09,66,4.03,48
1/18/2019 7:58,2.33,9.88,48,4.14,48
1/18/2019 7:28,2.53,9.88,72,4.76,48
1/18/2019 6:58,2.4,10.53,59,4.65,48
1/18/2019 6:28,2.33,9.88,59,4.86,48
1/18/2019 5:58,2.43,9.88,64,4.76,48
1/18/2019 5:28,2.59,9.88,58,4.84,48
1/18/2019 4:58,2.49,9.09,64,4.58,48
1/18/2019 4:28,2.56,9.88,57,4.74,48
1/18/2019 3:58,2.43,4.76,54,4.38,48
1/18/2019 3:28,2.62,11.11,47,4.68,48
1/18/2019 2:58,2.72,10.53,44,4.71,48
1/18/2019 2:28,2.76,10.53,68,4.83,48
1/18/2019 1:58,2.66,9.88,57,4.52,48
1/18/2019 1:28,2.92,10.53,61,4.55,48
1/18/2019 0:58,2.99,10.53,62,4.69,48
1/18/2019 0:28,2.95,9.88,65,4.76,48
1/17/2019 23:58,3.02,10.53,57,4.56,48
1/17/2019 23:28,3.02,10.53,55,4.45,48
1/17/2019 22:58,2.99,9.88,52,4.38,48
1/17/2019 22:28,3.12,10.53,62,4.31,48
1/17/2019 21:58,3.28,10.53,62,4.39,48
1/17/2019 21:28,3.22,4.35,30,4.21,48
1/17/2019 20:58,3.38,9.88,66,4.41,48
1/17/2019 20:28,3.38,4.55,38,4.23,48
1/17/2019 19:58,3.58,4.55,37,4.35,48
1/17/2019 19:28,3.41,9.88,52,4.18,48
1/17/2019 18:58,3.61,4.35,33,4.27,48
1/17/2019 18:28,3.71,4.55,31,4.22,48
1/17/2019 17:58,3.94,11.11,54,4.34,48
1/17/2019 17:28,3.94,4.55,34,4.31,48
1/17/2019 16:58,3.67,5,37,4.24,48
1/17/2019 16:28,4.1,4.35,37,4.3,48
1/17/2019 15:58,4.2,4.55,28,4.39,48
1/17/2019 15:28,4.17,4.55,28,4.29,48
1/17/2019 14:58,4.1,4.55,27,4.31,48
1/17/2019 14:28,4.2,4.55,33,4.18,48
1/17/2019 13:58,4.46,5,37,4.44,48
1/17/2019 13:28,4.17,10.53,48,4.43,48
1/17/2019 12:58,4.07,5,31,4.35,48
1/17/2019 12:28,4.23,5,30,4.58,48
1/17/2019 11:58,4.13,4.55,28,4.49,48
1/17/2019 11:28,4.04,4.55,21,4.51,48
1/17/2019 10:58,4.2,4.55,19,4.42,48
1/17/2019 10:28,4.2,11.11,47,4.48,48
1/17/2019 9:58,4,11.11,37,4.49,48
1/17/2019 9:28,4.04,11.11,57,4.45,48
1/17/2019 8:58,4.04,4.35,17,4.34,48
1/17/2019 8:28,4.07,4.17,28,4.52,48
1/17/2019 7:58,4.27,11.76,48,4.46,48
1/17/2019 7:28,4.07,10.53,49,4.72,48
1/17/2019 6:58,3.87,11.11,59,4.59,48
1/17/2019 6:28,4.04,11.76,44,4.71,48
1/17/2019 5:58,3.9,10.53,49,4.7,48
1/17/2019 5:28,3.97,10.53,42,4.83,48
1/17/2019 4:58,3.87,11.11,47,4.66,48
1/17/2019 4:28,3.94,11.76,49,4.94,48
1/17/2019 3:58,3.87,11.11,51,4.9,48
1/17/2019 3:28,4.04,11.76,54,5.01,48
1/17/2019 2:58,3.77,11.76,35,5.11,48
1/17/2019 2:28,3.84,10.53,33,5.12,48
1/17/2019 1:58,3.77,11.76,51,5.62,48
1/17/2019 1:28,3.77,11.76,48,6.11,48
1/17/2019 0:58,3.41,11.11,42,6.17,48
1/17/2019 0:28,3.54,11.11,52,7.69,48
1/16/2019 23:58,3.61,11.11,38,8.08,48
1/16/2019 23:28,3.61,11.76,42,8.05,48
1/16/2019 22:58,3.64,11.76,42,8.07,48
1/16/2019 22:28,3.51,11.11,49,7.39,48.2
1/16/2019 21:58,3.35,11.11,48,6.98,48.2
1/16/2019 21:28,3.77,11.76,47,7.5,48
1/16/2019 20:58,3.58,12.5,59,7.43,48.2
1/16/2019 20:28,3.9,12.5,37,7.61,48.2
1/16/2019 19:58,3.71,11.76,57,7.2,48
1/16/2019 19:28,3.48,11.76,55,7.2,48.2
1/16/2019 18:58,3.54,11.76,45,7.97,48.2
1/16/2019 18:28,3.41,11.76,51,8.1,48.2
1/16/2019 17:58,4.04,11.11,52,8.62,48
1/16/2019 17:28,3.74,12.5,49,8.15,48
1/16/2019 16:58,3.94,12.5,45,7.52,48
1/16/2019 16:28,4.13,11.11,51,7.42,48
1/16/2019 15:58,4.33,12.5,58,7.26,48
1/16/2019 15:28,4.27,11.11,40,6.77,48
1/16/2019 14:58,4.33,11.11,37,6.72,47.8
1/16/2019 14:28,4.86,11.76,51,7.78,47.8
1/16/2019 13:58,4.92,11.76,44,7.56,47.8
1/16/2019 13:28,4.43,11.76,52,7.3,47.8
1/16/2019 12:58,4.66,11.76,45,7.59,47.8
1/16/2019 12:28,4.92,12.5,58,7.95,47.8
1/16/2019 11:58,4.89,12.5,42,8.04,47.8
1/16/2019 11:28,4.95,12.5,47,7.92,48
1/16/2019 10:58,5.18,12.5,42,8.15,48
1/16/2019 10:28,4.72,12.5,37,7.99,48
1/16/2019 9:58,5.45,12.5,49,8.45,48
1/16/2019 9:28,4.92,12.5,41,7.99,48
1/16/2019 8:58,5.38,11.76,42,8.57,48
1/16/2019 8:28,4.92,12.5,47,8.49,48
1/16/2019 7:58,5.38,11.11,44,8.73,48
1/16/2019 7:28,5.35,12.5,41,8.47,48
1/16/2019 6:58,5.71,11.76,42,8.53,48
1/16/2019 6:28,6.04,12.5,48,8.76,48
1/16/2019 5:58,5.51,11.76,47,8.3,48
1/16/2019 5:28,5.81,12.5,40,8.27,48
1/16/2019 4:58,5.45,11.76,47,7.97,48
1/16/2019 4:28,5.97,12.5,44,8.03,48
1/16/2019 3:58,5.61,11.76,42,7.51,48
1/16/2019 3:28,6.23,11.76,44,8.1,48
1/16/2019 2:58,6.69,11.76,55,8.16,48
1/16/2019 2:28,6.3,11.11,49,8.02,48
1/16/2019 1:58,6.33,11.76,37,8.06,48
1/16/2019 1:28,6.46,11.11,41,7.92,48
1/16/2019 0:58,6.59,11.11,34,8.05,48
1/16/2019 0:28,6.46,11.76,42,8.01,48
1/15/2019 23:58,6.46,11.76,51,7.97,48
1/15/2019 23:28,6.79,11.11,54,7.96,48
1/15/2019 22:58,7.12,11.11,41,8.01,48
1/15/2019 22:28,6.3,11.11,33,7.28,48
1/15/2019 21:58,7.15,11.76,58,7.81,48
1/15/2019 21:28,6.86,11.11,58,7.47,48
1/15/2019 20:58,7.35,11.76,55,7.72,48.2
1/15/2019 20:28,7.19,12.5,52,7.73,48.4
1/15/2019 19:58,7.05,11.76,49,7.59,48.4
1/15/2019 19:28,6.89,11.76,55,7.35,48.4
1/15/2019 18:58,7.12,11.76,40,7.57,48.4
1/15/2019 18:28,8.01,12.5,41,8.28,48.4
1/15/2019 17:58,8.14,12.5,51,8.09,48.2
1/15/2019 17:28,8.04,12.5,52,7.8,48.2
1/15/2019 16:58,8.37,12.5,41,8.09,48.2
1/15/2019 16:28,7.32,13.33,52,7.55,48
1/15/2019 15:58,8.1,12.5,66,8.03,48
1/15/2019 15:28,8.6,12.5,54,8.5,48
1/15/2019 14:58,8.17,11.76,40,8.07,48
1/15/2019 14:28,8.79,11.76,51,8.47,48
1/15/2019 13:58,8.23,11.76,44,8.18,48
1/15/2019 13:28,9.02,11.76,54,8.4,48
1/15/2019 12:58,8.56,11.11,42,8.24,48
1/15/2019 12:28,9.45,12.5,49,8.66,47.8
1/15/2019 11:58,9.25,11.76,61,8.81,47.7
1/15/2019 11:28,10.07,12.5,59,9.17,47.7
1/15/2019 10:58,10.5,11.76,55,9.06,47.7
1/15/2019 10:28,9.68,12.5,59,9.12,47.7
1/15/2019 9:58,9.51,12.5,65,8.77,48.6
1/15/2019 9:28,9.51,12.5,64,8.24,48.9
1/15/2019 8:58,10.4,11.11,45,8.7,48.9
1/15/2019 8:28,10.56,12.5,65,8.8,49.3
1/15/2019 7:58,10.04,12.5,65,8.64,49.3
1/15/2019 7:28,9.61,12.5,62,8.18,49.3
1/15/2019 6:58,8.92,11.11,54,7.73,49.3
1/15/2019 6:28,10.14,13.33,57,8.52,49.3
1/15/2019 5:58,10.14,11.76,64,8.41,49.3
1/15/2019 5:28,10.56,11.76,61,8.83,49.3
1/15/2019 4:58,9.35,11.76,59,8.49,49.3
1/15/2019 4:28,9.58,12.5,33,8.17,49.5
1/15/2019 3:58,9.74,11.11,49,8.15,49.3
1/15/2019 3:28,10.01,11.76,44,8.08,49.3
1/15/2019 2:58,10.14,11.76,51,8.02,49.1
1/15/2019 2:28,10.4,11.76,49,8.2,49.1
1/15/2019 1:58,10.27,12.5,65,8.1,48.9
1/15/2019 1:28,10.07,11.76,48,8.03,48.9
1/15/2019 0:58,9.74,12.5,54,7.58,48.9
1/15/2019 0:28,10.79,11.11,44,7.78,48.9
1/14/2019 23:58,10.33,11.76,41,7.84,48.9
1/14/2019 23:28,10.6,12.5,57,7.67,48.9
1/14/2019 22:58,9.94,11.76,52,7.62,49.1
1/14/2019 22:28,10.43,10.53,48,7.59,49.1
1/14/2019 21:58,10.33,11.11,31,7.65,48.9
1/14/2019 21:28,10.24,11.11,49,7.14,48.9
1/14/2019 20:58,10.86,10.53,45,7.18,48.9
1/14/2019 20:28,11.81,11.11,51,7.48,48.9
1/14/2019 19:58,11.55,9.88,44,7.36,48.9
1/14/2019 19:28,12.14,11.76,49,7.71,48.9
1/14/2019 18:58,11.32,11.11,49,7.05,48.9
1/14/2019 18:28,11.61,10.53,42,7.17,48.9
1/14/2019 17:58,11.61,11.11,38,7.21,48.9
1/14/2019 17:28,11.38,11.11,40,7.09,49.1
1/14/2019 16:58,12.3,11.11,49,7.4,48.9
1/14/2019 16:28,12.2,9.88,37,7.2,48.9
1/14/2019 15:58,11.68,9.88,47,6.8,48.9
1/14/2019 15:28,11.94,10.53,40,6.98,48.9
1/14/2019 14:58,10.83,9.88,38,6.62,48.9
1/14/2019 14:28,13.16,9.88,41,7.32,48.9
1/14/2019 13:58,11.98,11.11,42,6.67,48.9
1/14/2019 13:28,11.91,9.88,37,6.84,48.9
1/14/2019 12:58,12.5,9.09,42,6.9,48.9
1/14/2019 12:28,12.11,10.53,57,6.66,48.9
1/14/2019 11:58,12.34,9.88,34,6.69,48.9
1/14/2019 11:28,13.32,10.53,49,7.1,49.1
1/14/2019 10:58,13.42,10.53,49,6.92,49.1
1/14/2019 10:28,12.43,9.09,42,6.76,49.3
1/14/2019 9:58,13.85,9.09,40,7.03,49.3
1/14/2019 9:28,13.75,9.88,40,6.76,49.6
1/14/2019 8:58,14.4,9.09,41,6.97,49.6
1/14/2019 8:28,14.04,11.11,47,7.04,49.6
1/14/2019 7:58,13.25,9.88,48,6.79,49.6
1/14/2019 7:28,14.9,9.88,42,6.97,49.5
1/14/2019 6:58,14.44,9.88,37,6.88,49.3
1/14/2019 6:28,13.88,10.53,48,6.73,49.3
1/14/2019 5:58,13.78,9.88,28,6.64,49.3
1/14/2019 5:28,13.62,9.88,38,6.57,49.3
1/14/2019 4:58,13.71,9.88,45,6.57,48.9
1/14/2019 4:28,13.02,9.88,44,6.51,48.9
1/14/2019 3:58,12.3,9.09,40,6.39,48.9
1/14/2019 3:28,11.02,9.09,47,6.22,48.4
1/14/2019 2:58,10.86,9.09,47,6.42,48
1/14/2019 2:28,11.06,9.09,41,6.39,47.7
1/14/2019 1:58,9.71,9.09,42,5.96,47.8
1/14/2019 1:28,10.56,9.09,48,6.41,47.8
1/14/2019 0:58,10.93,8.33,55,6.71,47.8
1/14/2019 0:28,10.56,8.33,47,6.77,47.8
1/13/2019 23:58,9.35,8.33,55,6.61,47.8
1/13/2019 23:28,9.32,7.69,64,6.48,47.8
1/13/2019 22:58,8.43,7.69,58,6.35,47.8
1/13/2019 22:28,8.3,8.33,42,6.3,47.8
1/13/2019 21:58,7.41,8.33,38,6.11,47.8
1/13/2019 21:28,7.09,7.14,66,5.75,48
1/13/2019 20:58,7.84,7.69,65,5.87,48.2
1/13/2019 20:28,7.19,6.67,82,5.52,48.4
1/13/2019 19:58,7.55,7.14,68,5.59,48.6
1/13/2019 19:28,6.99,6.67,68,5.59,48.9
1/13/2019 18:58,7.19,6.67,87,5.42,48.9
1/13/2019 18:28,6.86,7.14,110,5.54,50.4
1/13/2019 17:58,5.97,6.67,113,5.22,50.2
1/13/2019 17:28,5.54,6.25,123,5.08,50.2
1/13/2019 16:58,5.68,6.25,118,4.87,50.2
1/13/2019 16:28,5.05,5.26,79,4.63,50.2
1/13/2019 15:58,5.18,5,61,4.46,50.2
1/13/2019 15:28,4.82,5,69,4.37,50.2
1/13/2019 14:58,4.72,5,65,4.36,50.2
1/13/2019 14:28,4.4,5.26,47,4.47,50.2
1/13/2019 13:58,4.56,5,49,4.42,50.2
1/13/2019 13:28,4.27,5,47,4.21,50.2
1/13/2019 12:58,4.46,5,45,4.27,50.2
1/13/2019 12:28,4.66,5,48,4.28,50.2
1/13/2019 11:58,4.53,5,44,4.21,50.2
1/13/2019 11:28,4.66,4.55,42,4.12,50.2
1/13/2019 10:58,4.33,4.76,52,4.22,50.2
1/13/2019 10:28,4.27,4.76,45,4.18,50.2
1/13/2019 9:58,4,5,42,4.16,50.2
1/13/2019 9:28,4,4.55,42,4.18,50.2
1/13/2019 8:58,4.04,5,42,4.14,50.2
1/13/2019 8:28,4,4.55,48,4.2,50.2
1/13/2019 7:58,3.64,4.35,37,4.12,50.2
1/13/2019 7:28,3.87,4.55,40,4.23,50.2
1/13/2019 6:58,4,4.55,41,4.11,50.2
1/13/2019 6:28,4.33,4.76,38,4.12,50.2
1/13/2019 5:58,4.1,4.55,35,4.08,50.2
1/13/2019 5:28,3.9,4.35,38,3.98,50.2
1/13/2019 4:58,3.84,4.76,41,4.04,50.2
1/13/2019 4:28,3.61,5.56,44,4.03,50.2
1/13/2019 3:58,3.48,5.56,38,4.02,50.2
1/13/2019 3:28,3.44,5.56,33,4.04,50.2
1/13/2019 2:58,3.51,5.88,37,3.96,50.2
1/13/2019 2:28,3.54,6.25,37,4.1,50.2
1/13/2019 1:58,3.41,5.56,34,4.09,50.2
1/13/2019 1:28,3.35,6.25,41,4.24,50.2
1/13/2019 0:58,3.41,5.88,38,4.32,50.2
1/13/2019 0:28,3.54,6.25,38,4.28,50.2
1/12/2019 23:58,3.28,6.25,42,4.16,50.2
1/12/2019 23:28,3.44,5.56,35,4.13,50.2
1/12/2019 22:58,3.44,5.88,37,4.34,50.2
1/12/2019 22:28,3.48,6.25,37,4.41,50.2
1/12/2019 21:58,3.54,6.25,47,4.31,50.2
1/12/2019 21:28,3.51,6.25,47,4.35,50.2
1/12/2019 20:58,3.41,6.67,42,4.24,50.2
1/12/2019 20:28,3.48,6.67,42,4.39,50.2
1/12/2019 19:58,3.28,6.67,40,4.38,50.2
1/12/2019 19:28,3.35,6.25,44,4.49,50.2
1/12/2019 18:58,3.44,5.88,38,4.65,50.2
1/12/2019 18:28,3.41,6.25,41,4.5,50.2
1/12/2019 17:58,3.61,6.67,41,4.87,50.2
1/12/2019 17:28,3.48,7.14,51,4.74,50.2
1/12/2019 16:58,3.58,6.67,42,4.85,50.2
1/12/2019 16:28,3.44,6.25,28,4.82,50.2
1/12/2019 15:58,3.41,6.25,19,4.79,50.2
1/12/2019 15:28,3.51,5.56,24,4.8,50.2
1/12/2019 14:58,3.64,6.67,38,4.85,50.2
1/12/2019 14:28,3.58,6.67,41,4.63,50.2
1/12/2019 13:58,3.81,5.88,34,4.79,50.2
1/12/2019 13:28,3.77,6.67,37,4.69,50
1/12/2019 12:58,3.77,6.67,35,4.69,49.8
1/12/2019 12:28,3.87,5.56,33,4.73,49.8
1/12/2019 11:58,4.27,7.14,38,5,49.8
1/12/2019 11:28,4.04,6.25,24,4.77,49.8
1/12/2019 10:58,4.04,5.88,21,4.68,49.8
1/12/2019 10:28,4.36,6.67,27,5,49.8
1/12/2019 9:58,4.27,6.67,26,4.87,49.3
1/12/2019 9:28,4.27,6.25,34,4.94,49.3
1/12/2019 8:58,4.33,7.14,24,5.1,49.3
1/12/2019 8:28,4.46,6.67,28,4.98,49.3
1/12/2019 7:58,4.3,6.67,28,4.82,49.3
1/12/2019 7:28,4.43,7.14,34,4.97,49.6
1/12/2019 6:58,4.46,6.67,23,4.66,49.6
1/12/2019 6:28,4.49,6.67,16,4.58,49.8
1/12/2019 5:58,4.3,5,12,4.53,49.6
1/12/2019 5:28,4.59,6.67,19,4.61,49.8
1/12/2019 4:58,4.4,6.67,26,4.43,49.8
1/12/2019 4:28,4.4,5.56,4,4.37,49.6
1/12/2019 3:58,4.27,6.67,23,4.46,49.8
1/12/2019 3:28,4.2,5.56,16,4.38,49.6
1/12/2019 2:58,4.46,4.55,0,4.45,49.6
1/12/2019 2:28,4.82,5.26,7,4.61,49.6
1/12/2019 1:58,4.4,5,2,4.54,49.8
1/12/2019 1:28,4.4,5.56,12,4.59,49.8
1/12/2019 0:58,4.56,5.88,19,4.6,49.8
1/12/2019 0:28,4.56,6.25,13,4.63,49.8
1/11/2019 23:58,4.66,6.67,21,4.6,50
1/11/2019 23:28,4.86,6.67,20,4.68,50.2
1/11/2019 22:58,4.92,6.67,21,4.6,50.2
1/11/2019 22:28,5.05,6.25,7,4.73,50.2
1/11/2019 21:58,5.31,7.14,14,4.93,50.2
1/11/2019 21:28,5.22,7.14,23,4.95,50.2
1/11/2019 20:58,4.82,7.14,21,4.87,50.4
1/11/2019 20:28,5.25,6.25,7,4.9,50.4
1/11/2019 19:58,4.92,6.25,359,4.78,50.4
1/11/2019 19:28,5.35,7.14,12,4.89,50.4
1/11/2019 18:58,4.92,6.67,355,4.68,50.4
1/11/2019 18:28,5.35,7.69,19,4.95,50.4
1/11/2019 17:58,5.31,6.25,357,4.86,50.4
1/11/2019 17:28,5.45,7.69,19,5.04,50.4
1/11/2019 16:58,5.51,7.69,10,4.91,50.4
1/11/2019 16:28,5.84,7.14,10,5.13,50.4
1/11/2019 15:58,5.51,7.69,21,5.08,50.2
1/11/2019 15:28,5.41,7.69,17,4.97,50.2
1/11/2019 14:58,5.38,7.69,21,5.15,50.2
1/11/2019 14:28,5.61,6.67,10,5.08,50.2
1/11/2019 13:58,5.87,6.25,7,5.17,50.2
1/11/2019 13:28,5.81,7.69,20,5.03,50.2
1/11/2019 12:58,6,6.25,3,5.09,50.2
1/11/2019 12:28,6,5.88,6,5.09,50.2
1/11/2019 11:58,5.91,6.67,9,5,50
1/11/2019 11:28,5.91,6.25,4,4.91,50.2
1/11/2019 10:58,6,7.14,17,5.01,50.2
1/11/2019 10:28,6.2,6.25,3,5.07,50
1/11/2019 9:58,6.3,6.25,355,5,50
1/11/2019 9:28,5.91,6.67,7,4.97,50
1/11/2019 8:58,6.1,6.67,350,5.05,50
1/11/2019 8:28,6.33,6.67,359,4.94,50
1/11/2019 7:58,6.69,6.67,355,4.99,50
1/11/2019 7:28,6.76,6.67,355,5,50
1/11/2019 6:58,6.82,6.67,359,5,50
1/11/2019 6:28,6.86,6.67,352,5.07,50
1/11/2019 5:58,7.25,6.67,356,5.13,50.2
1/11/2019 5:28,7.02,6.67,355,5.03,50.2
1/11/2019 4:58,7.05,6.67,356,5.1,50.2
1/11/2019 4:28,6.63,5.88,352,4.99,50.2
1/11/2019 3:58,6.43,6.67,357,5.04,50.2
1/11/2019 3:28,6.66,5.88,343,4.99,50.2
1/11/2019 2:58,6.82,5.88,352,5.04,50.2
1/11/2019 2:28,6.14,6.25,353,4.89,50.2
1/11/2019 1:58,6.33,6.25,357,4.95,50.2
1/11/2019 1:28,6.17,6.67,2,4.98,50.2
1/11/2019 0:58,5.87,5.56,348,4.81,50.2
1/11/2019 0:28,5.77,6.25,357,4.88,50.4
1/10/2019 23:58,5.81,5.88,349,4.73,50.4
1/10/2019 23:28,5.77,5.88,355,4.69,50.4
1/10/2019 22:58,5.38,6.25,356,4.66,50.4
1/10/2019 22:28,5.51,6.25,357,4.71,50.4
1/10/2019 21:58,5.61,5.88,353,4.69,50.4
1/10/2019 21:28,5.58,6.25,350,4.81,50.5
1/10/2019 20:58,5.91,5.88,348,4.75,50.5
1/10/2019 20:28,5.84,6.67,355,4.77,50.5
1/10/2019 19:58,5.97,6.67,353,4.85,50.7
1/10/2019 19:28,5.97,7.14,2,4.85,50.7
1/10/2019 18:58,5.91,6.25,348,4.82,50.7
1/10/2019 18:28,6.63,6.25,339,4.99,50.7
1/10/2019 17:58,6.69,6.67,348,5,50.7
1/10/2019 17:28,6.92,7.14,0,5.13,50.7
1/10/2019 16:58,7.25,6.67,348,5.19,50.7
1/10/2019 16:28,7.28,6.67,356,5.27,50.7
1/10/2019 15:58,7.25,6.67,348,5.13,50.7
1/10/2019 15:28,7.19,7.14,349,5.18,50.5
1/10/2019 14:58,7.32,6.67,350,5.11,50.7
1/10/2019 14:28,7.15,6.25,342,5.19,50.7
1/10/2019 13:58,7.78,6.25,343,5.28,50.7
1/10/2019 13:28,8.53,6.67,346,5.31,50.7
1/10/2019 12:58,8.07,7.14,350,5.3,50.7
1/10/2019 12:28,8.17,7.14,350,5.34,50.7
1/10/2019 11:58,7.55,7.14,353,5.21,50.7
1/10/2019 11:28,7.78,7.14,356,5.29,50.7
1/10/2019 10:58,7.91,7.69,0,5.37,50.7
1/10/2019 10:28,8.07,7.69,0,5.37,50.7
1/10/2019 9:58,8.3,7.69,2,5.47,50.7
1/10/2019 9:28,8.43,7.69,9,5.47,50.7
1/10/2019 8:58,8.07,7.14,2,5.37,50.7
1/10/2019 8:28,8.1,7.14,0,5.29,50.7
1/10/2019 7:58,7.58,6.67,353,5.1,50.7
1/10/2019 7:28,7.81,6.67,357,5.29,50.7
1/10/2019 6:58,7.78,6.67,355,5.12,50.7
1/10/2019 6:28,7.45,6.25,359,4.96,50.7
1/10/2019 5:58,7.71,6.67,355,5.11,50.7
1/10/2019 5:28,7.15,6.25,353,5.02,50.7
1/10/2019 4:58,7.19,5.88,345,4.88,50.7
1/10/2019 4:28,6.53,5.88,355,4.71,50.5
1/10/2019 3:58,6.27,5.88,356,4.51,50.5
1/10/2019 3:28,5.74,5.56,359,4.36,50.5
1/10/2019 2:58,5.31,5.26,359,4.22,50.5
1/10/2019 2:28,4.76,4.76,359,4,50.5
1/10/2019 1:58,4.2,5,10,3.85,50.4
1/10/2019 1:28,3.54,8.33,144,3.91,50.5
1/10/2019 0:58,3.28,5.88,27,4.52,50.5
1/10/2019 0:28,3.12,5.88,33,4.38,50.5
1/9/2019 23:58,3.54,5.26,12,4.45,50.5
1/9/2019 23:28,3.51,4.76,3,4.42,50.5
1/9/2019 22:58,3.31,5.56,24,4.25,50.5
1/9/2019 22:28,3.58,5,4,4.16,50.7
1/9/2019 21:58,3.54,4.55,357,4.11,50.7
1/9/2019 21:28,3.38,5,7,4.05,50.7
1/9/2019 20:58,3.54,4.55,356,4.07,50.7
1/9/2019 20:28,3.35,4.55,350,3.98,50.7
1/9/2019 19:58,3.44,4.55,353,3.93,50.7
1/9/2019 19:28,3.31,4.55,353,4.08,50.7
1/9/2019 18:58,3.28,4.55,348,4.1,50.7
1/9/2019 18:28,3.35,4.55,343,4.08,50.5
1/9/2019 17:58,3.15,4.55,346,4.05,50.5
1/9/2019 17:28,3.25,8.33,148,4.01,50.5
1/9/2019 16:58,3.44,7.69,149,4.23,50.4
1/9/2019 16:28,3.54,7.69,154,4.14,50.4
1/9/2019 15:58,3.77,7.69,162,4.2,50.4
1/9/2019 15:28,4.04,7.69,152,4.28,50.2
1/9/2019 14:58,3.81,6.67,159,4.1,50.2
1/9/2019 14:28,3.54,8.33,154,4.29,50.7
1/9/2019 13:58,3.48,7.69,152,4.23,50.7
1/9/2019 13:28,3.22,8.33,154,4.65,50.7
1/9/2019 12:58,3.15,6.67,159,4.61,50.7
1/9/2019 12:28,3.35,7.69,149,4.73,50.7
1/9/2019 11:58,3.54,7.69,156,4.92,50.7
1/9/2019 11:28,3.25,8.33,142,4.94,50.9
1/9/2019 10:58,3.58,6.67,155,5.02,50.9
1/9/2019 10:28,3.48,6.67,158,5.24,51.1
1/9/2019 9:58,3.67,7.14,148,5.13,51.1
1/9/2019 9:28,3.94,7.14,152,5.2,51.1
1/9/2019 8:58,4.1,7.69,145,5.17,51.1
1/9/2019 8:28,4,7.69,144,5.13,51.1
1/9/2019 7:58,4.2,6.67,156,5.14,50.9
1/9/2019 7:28,3.94,7.69,142,5.07,50.9
1/9/2019 6:58,4.27,7.69,147,5.25,50.9
1/9/2019 6:28,4.86,7.14,149,5.44,50.9
1/9/2019 5:58,4.66,7.14,148,5.29,50.9
1/9/2019 5:28,4.46,7.69,142,5.2,50.9
1/9/2019 4:58,4.56,6.67,149,5.34,51.1
1/9/2019 4:28,4.17,7.69,137,5.59,51.1
1/9/2019 3:58,4.1,6.67,145,5.68,51.1
1/9/2019 3:28,4.27,6.67,144,5.62,51.1
1/9/2019 2:58,3.94,7.14,145,5.64,51.1
1/9/2019 2:28,4.07,7.69,138,5.64,51.1
1/9/2019 1:58,4.56,7.69,138,5.91,51.1
1/9/2019 1:28,4.56,7.14,148,5.82,51.3
1/9/2019 0:58,4.63,7.14,149,5.67,51.3
1/9/2019 0:28,4.49,7.69,145,5.64,51.4
1/8/2019 23:58,4.72,6.67,152,5.52,51.4
1/8/2019 23:28,4.3,7.14,149,5.11,51.4
1/8/2019 22:58,4.23,7.14,149,5.15,51.4
1/8/2019 22:28,4.36,6.67,148,5.32,51.6
1/8/2019 21:58,4.36,7.14,142,5.49,51.6
1/8/2019 21:28,4.53,6.67,149,5.53,51.6
1/8/2019 20:58,4.33,7.14,142,5.7,51.8
1/8/2019 20:28,4.63,7.14,142,5.78,52
1/8/2019 19:58,4.46,6.67,148,5.81,52.3
1/8/2019 19:28,4.76,6.67,147,5.96,52.5
1/8/2019 18:58,4.17,6.25,141,5.87,52.2
1/8/2019 18:28,4.43,6.25,139,5.95,51.8
1/8/2019 17:58,4.1,6.25,141,5.79,51.4
1/8/2019 17:28,4.3,6.25,145,5.59,51.1
1/8/2019 16:58,4.36,6.67,138,5.9,51.1
1/8/2019 16:28,3.87,6.67,113,5.82,51.1
1/8/2019 15:58,4.23,5.88,142,5.67,51.1
1/8/2019 15:28,4.1,6.25,127,5.63,51.1
1/8/2019 14:58,4.2,6.25,130,5.52,51.1
1/8/2019 14:28,3.9,7.14,78,5.52,51.1
1/8/2019 13:58,3.77,5.88,121,5.23,51.1
1/8/2019 13:28,3.94,5.88,123,5.35,51.1
1/8/2019 12:58,3.87,5.56,138,4.91,51.1
1/8/2019 12:28,4.04,5,113,4.85,51.1
1/8/2019 11:58,4.07,7.14,52,5.01,51.1
1/8/2019 11:28,4.07,8.33,59,5.01,51.1
1/8/2019 10:58,4.17,7.69,57,4.79,51.1
1/8/2019 10:28,3.74,8.33,51,4.89,51.1
1/8/2019 9:58,3.67,7.14,55,4.63,51.1
1/8/2019 9:28,3.77,7.69,51,4.47,51.1
1/8/2019 8:58,3.58,7.14,45,4.73,51.1
1/8/2019 8:28,3.74,7.69,54,5.04,51.1
1/8/2019 7:58,3.64,6.67,49,5.27,51.1
1/8/2019 7:28,3.35,7.14,48,5.34,51.1
1/8/2019 6:58,3.54,7.69,52,5.25,51.1
1/8/2019 6:28,3.41,7.69,45,5.37,51.1
1/8/2019 5:58,3.61,7.69,52,5.53,51.1
1/8/2019 5:28,3.81,7.69,41,5.5,51.1
1/8/2019 4:58,3.67,7.69,35,5.46,51.1
1/8/2019 4:28,3.74,7.69,38,5.34,51.1
1/8/2019 3:58,3.81,8.33,34,5.21,51.1
1/8/2019 3:28,3.97,7.69,48,5.2,51.1
1/8/2019 2:58,3.9,6.25,34,4.96,51.1
1/8/2019 2:28,3.94,6.67,35,5.02,51.1
1/8/2019 1:58,4.1,7.69,51,4.88,51.1
1/8/2019 1:28,4.27,5.88,34,4.93,51.1
1/8/2019 0:58,4.07,7.69,38,4.84,51.1
1/8/2019 0:28,4.36,5.56,40,4.84,51.1
1/7/2019 23:58,4.53,7.14,34,4.95,51.1
1/7/2019 23:28,4.56,6.67,31,4.92,51.1
1/7/2019 22:58,4.43,6.67,37,4.78,51.1
1/7/2019 22:28,4.76,7.14,35,5.02,51.1
1/7/2019 21:58,4.79,7.14,34,5.02,51.1
1/7/2019 21:28,4.72,7.14,34,5,51.1
1/7/2019 20:58,4.95,7.14,35,4.95,51.1
1/7/2019 20:28,5.31,7.69,41,5.26,51.1
1/7/2019 19:58,5.28,7.14,35,5.18,51.1
1/7/2019 19:28,5.18,7.14,33,5.18,51.1
1/7/2019 18:58,5.45,7.69,37,5.27,51.1
1/7/2019 18:28,5.51,5.88,41,5.19,51.1
1/7/2019 17:58,5.94,6.67,30,5.23,51.1
1/7/2019 17:28,5.68,8.33,41,5.24,51.1
1/7/2019 16:58,5.97,6.25,31,5.14,51.1
1/7/2019 16:28,5.94,6.67,34,5.09,51.1
1/7/2019 15:58,5.61,6.25,31,4.79,51.1
1/7/2019 15:28,6,5.88,26,4.84,51.1
1/7/2019 14:58,6,6.67,30,5,51.1
1/7/2019 14:28,6.2,6.67,31,4.95,51.1
1/7/2019 13:58,6.4,6.25,31,4.93,51.1
1/7/2019 13:28,6.3,5.88,30,4.96,51.1
1/7/2019 12:58,5.97,6.25,26,4.99,51.1
1/7/2019 12:28,6.33,6.25,27,5.12,51.1
1/7/2019 11:58,6.27,6.67,30,5.08,51.1
1/7/2019 11:28,6.27,7.14,33,5.09,51.1
1/7/2019 10:58,5.91,6.25,31,4.83,51.1
1/7/2019 10:28,5.38,5.26,20,4.63,51.1
1/7/2019 9:58,5.51,5.56,24,4.53,51.1
1/7/2019 9:28,5.05,5.26,30,4.35,51.1
1/7/2019 8:58,4.95,5,24,4.29,51.1
1/7/2019 8:28,4.99,5.26,27,4.34,51.1
1/7/2019 7:58,4.36,4.55,27,4.06,50.9
1/7/2019 7:28,4.43,4.76,21,4.08,51.1
1/7/2019 6:58,4.3,4.35,30,3.98,50.9
1/7/2019 6:28,4.17,4.35,21,3.9,50.9
1/7/2019 5:58,4.17,4.35,30,3.87,50.7
1/7/2019 5:28,3.97,4.17,28,3.88,50.7
1/7/2019 4:58,3.81,4,27,3.86,50.7
1/7/2019 4:28,3.41,7.69,65,3.83,50.7
1/7/2019 3:58,3.05,7.14,37,3.96,50.7
1/7/2019 3:28,2.79,7.69,64,4.41,50.9
1/7/2019 2:58,2.59,8.33,92,4.95,50.9
1/7/2019 2:28,2.62,7.69,55,5.35,50.9
1/7/2019 1:58,2.43,7.14,59,5.45,50.7
1/7/2019 1:28,2.49,8.33,94,5.96,50.9
1/7/2019 0:58,2.53,7.69,52,5.98,50.9
1/7/2019 0:28,2.53,7.69,64,6.28,50.9
1/6/2019 23:58,2.59,8.33,75,6.37,50.7
1/6/2019 23:28,2.53,6.67,51,6.37,50.7
1/6/2019 22:58,2.43,7.14,37,6.36,50.9
1/6/2019 22:28,2.46,7.69,64,6.26,51.1
1/6/2019 21:58,2.46,7.69,49,6.24,51.1
1/6/2019 21:28,2.3,7.69,80,6,51.1
1/6/2019 20:58,2.3,7.69,72,5.72,51.1
1/6/2019 20:28,2.43,7.69,68,5.59,51.1
1/6/2019 19:58,2.23,8.33,97,5.1,51.1
1/6/2019 19:28,2.23,8.33,114,5.08,51.1
1/6/2019 18:58,2.13,8.33,96,4.56,50.9
1/6/2019 18:28,2.36,9.88,75,4.86,50.7
1/6/2019 17:58,2.43,10.53,93,4.52,50.7
1/6/2019 17:28,2.43,7.69,134,4.36,50.7
1/6/2019 16:58,2.43,9.09,121,4.2,50.7
1/6/2019 16:28,2.43,5.26,76,4.13,50.7
1/6/2019 15:58,2.49,5.88,120,4.11,50.7
1/6/2019 15:28,2.4,8.33,138,4.17,50.5
1/6/2019 14:58,2.43,9.09,131,4.53,50.4
1/6/2019 14:28,2.33,8.33,152,4.7,50.4
1/6/2019 13:58,2.36,8.33,149,4.65,50.4
1/6/2019 13:28,2.4,6.67,139,4.62,50.4
1/6/2019 12:58,2.56,5.88,154,4.67,50.4
1/6/2019 12:28,2.56,9.09,142,4.57,50.4
1/6/2019 11:58,2.43,9.09,155,4.4,50.4
1/6/2019 11:28,2.46,5.56,158,4.61,50.4
1/6/2019 10:58,2.56,9.88,90,4.95,50.4
1/6/2019 10:28,2.49,5.88,158,4.73,50.4
1/6/2019 9:58,2.82,5.88,156,4.76,50.4
1/6/2019 9:28,2.69,5.56,154,4.71,50.5
1/6/2019 8:58,2.59,5.88,158,4.34,50.4
1/6/2019 8:28,2.59,5.88,161,4.37,50.5
1/6/2019 7:58,2.69,6.25,168,4.38,50.5
1/6/2019 7:28,2.69,6.25,163,4.5,50.5
1/6/2019 6:58,3.05,5.88,166,4.63,50.5
1/6/2019 6:28,3.18,6.25,168,4.49,50.7
1/6/2019 5:58,3.28,6.67,170,4.29,50.7
1/6/2019 5:28,3.15,6.67,170,4.49,50.7
1/6/2019 4:58,3.18,6.25,163,4.31,50.7
1/6/2019 4:28,3.38,6.25,169,4.65,50.7
1/6/2019 3:58,3.22,7.14,170,4.74,50.7
1/6/2019 3:28,3.08,6.67,168,4.7,50.7
1/6/2019 2:58,3.25,6.25,165,4.95,50.7
1/6/2019 2:28,3.18,6.67,166,4.94,50.7
1/6/2019 1:58,3.31,6.67,163,4.82,50.7
1/6/2019 1:28,3.28,6.67,165,4.48,50.7
1/6/2019 0:58,3.48,6.67,165,4.67,51.1
1/6/2019 0:28,3.28,6.67,163,4.64,51.1
1/5/2019 23:58,3.61,7.69,165,4.73,51.1
1/5/2019 23:28,3.64,8.33,168,4.56,51.1
1/5/2019 22:58,3.61,6.67,161,4.43,51.1
1/5/2019 22:28,3.9,6.67,168,4.31,51.3
1/5/2019 21:58,4.23,8.33,165,4.41,51.3
1/5/2019 21:28,4.23,8.33,163,4.46,51.3
1/5/2019 20:58,4.07,8.33,163,4.47,51.3
1/5/2019 20:28,4.4,8.33,168,4.32,51.4
1/5/2019 19:58,4.66,8.33,170,4.43,51.4
1/5/2019 19:28,5.18,4.17,283,4.37,51.4
1/5/2019 18:58,4.86,6.25,163,4.39,51.4
1/5/2019 18:28,5.35,6.67,170,4.43,51.4
1/5/2019 17:58,5.18,6.67,165,4.39,51.4
1/5/2019 17:28,4.59,6.67,161,4.26,51.4
1/5/2019 16:58,4.43,6.25,162,4.1,51.3
1/5/2019 16:28,4.72,3.57,267,4.09,51.1
1/5/2019 15:58,4.82,3.57,263,4.08,51.1
1/5/2019 15:28,4.86,3.7,256,3.94,51.1
1/5/2019 14:58,4.92,3.7,255,3.94,51.1
1/5/2019 14:28,4.82,3.85,239,3.92,51.1
1/5/2019 13:58,4.59,6.25,147,3.88,51.1
1/5/2019 13:28,4.13,5.88,145,3.79,51.1
1/5/2019 12:58,3.74,6.25,139,4.12,51.1
1/5/2019 12:28,3.48,5.56,139,4.34,51.1
1/5/2019 11:58,3.35,6.25,132,4.52,51.1
1/5/2019 11:28,3.51,5.88,131,4.95,51.1
1/5/2019 10:58,3.71,5.88,137,5.04,51.4
1/5/2019 10:28,3.51,5.88,128,4.81,51.4
1/5/2019 9:58,3.9,5.88,139,4.87,51.4
1/5/2019 9:28,3.64,5.56,128,4.89,51.4
1/5/2019 8:58,3.71,6.25,131,4.79,51.4
1/5/2019 8:28,3.51,5.26,113,4.69,51.4
1/5/2019 7:58,3.22,5.88,104,4.51,51.4
1/5/2019 7:28,3.12,5.56,109,4.47,51.4
1/5/2019 6:58,2.85,5.56,107,4.36,51.4
1/5/2019 6:28,2.99,5.56,106,4.17,51.4
1/5/2019 5:58,2.82,5,107,4.29,51.6
1/5/2019 5:28,2.53,6.67,111,4.62,51.8
1/5/2019 4:58,2.56,5,104,4.96,52
1/5/2019 4:28,2.4,5.26,106,5.28,52.2
1/5/2019 3:58,2.4,6.67,113,5.23,51.8
1/5/2019 3:28,2.43,4.76,90,5.14,52
1/5/2019 2:58,2.36,8.33,102,5.17,52.3
1/5/2019 2:28,2.2,5.26,80,5.04,52
1/5/2019 1:58,2.2,6.67,121,5.09,51.4
1/5/2019 1:28,2.23,8.33,90,5.11,51.4
1/5/2019 0:58,2.26,8.33,100,4.95,51.3
1/5/2019 0:28,2.2,6.25,97,4.72,51.3
1/4/2019 23:58,2.23,7.14,111,4.59,51.3
1/4/2019 23:28,2.3,7.69,111,4.6,51.3
1/4/2019 22:58,2.2,7.14,114,4.37,51.3
1/4/2019 22:28,2.33,7.69,100,4.34,51.3
1/4/2019 21:58,2.4,9.09,89,4.26,51.3
1/4/2019 21:28,2.36,6.67,107,4.23,51.3
1/4/2019 20:58,2.46,6.67,113,4.33,51.3
1/4/2019 20:28,2.46,6.25,93,4.44,51.3
1/4/2019 19:58,2.43,5,61,4.43,51.3
1/4/2019 19:28,2.36,6.67,111,4.46,51.3
1/4/2019 18:58,2.4,6.67,103,4.43,51.4
1/4/2019 18:28,2.33,6.67,104,4.69,51.4
1/4/2019 17:58,2.36,8.33,114,4.73,51.3
1/4/2019 17:28,2.33,4.76,41,4.63,51.3
1/4/2019 16:58,2.4,9.09,94,4.81,51.3
1/4/2019 16:28,2.33,5.56,86,4.53,51.3
1/4/2019 15:58,2.23,7.14,100,4.54,51.3
1/4/2019 15:28,2.33,5,42,4.74,51.3
1/4/2019 14:58,2.36,5,40,4.78,51.3
1/4/2019 14:28,2.43,5,52,4.81,51.3
1/4/2019 13:58,2.26,9.09,85,4.99,51.3
1/4/2019 13:28,2.2,5.56,49,4.81,51.3
1/4/2019 12:58,2.2,8.33,102,4.84,51.3
1/4/2019 12:28,2.07,7.14,114,4.5,51.3
1/4/2019 11:58,2,6.67,118,4.66,51.3
1/4/2019 11:28,2.03,7.14,89,4.73,51.3
1/4/2019 10:58,2.03,6.67,118,4.77,51.3
1/4/2019 10:28,2.03,7.69,106,4.48,51.3
1/4/2019 9:58,1.97,7.69,90,4.52,51.3
1/4/2019 9:28,1.97,9.09,83,4.57,51.3
1/4/2019 8:58,1.77,7.69,97,4.61,51.3
1/4/2019 8:28,1.87,9.09,89,4.63,51.3
1/4/2019 7:58,1.9,9.09,106,4.88,51.3
1/4/2019 7:28,1.87,10.53,68,4.67,51.3
1/4/2019 6:58,1.9,8.33,102,4.78,51.3
1/4/2019 6:28,1.94,8.33,83,4.86,51.3
1/4/2019 5:58,1.87,8.33,79,4.82,51.3
1/4/2019 5:28,1.74,9.09,99,4.54,51.3
1/4/2019 4:58,1.77,9.09,96,4.51,51.4
1/4/2019 4:28,1.87,9.09,89,4.83,51.4
1/4/2019 3:58,1.84,9.09,104,4.47,51.4
1/4/2019 3:28,1.8,8.33,85,4.58,51.4
1/4/2019 2:58,1.77,8.33,72,4.56,51.4
1/4/2019 2:28,1.74,9.88,83,4.67,51.4
1/4/2019 1:58,1.67,8.33,80,4.48,51.4
1/4/2019 1:28,1.71,10.53,76,4.86,51.4
1/4/2019 0:58,1.67,9.09,103,5.08,51.4
1/4/2019 0:28,1.54,9.09,92,5.22,51.4
1/3/2019 23:58,1.54,9.09,96,5.54,51.4
1/3/2019 23:28,1.54,9.09,100,5.96,51.4
1/3/2019 22:58,1.64,8.33,116,6.06,51.4
1/3/2019 22:28,1.51,8.33,100,5.83,51.4
1/3/2019 21:58,1.71,8.33,103,6.13,51.4
1/3/2019 21:28,1.77,9.09,118,5.95,51.4
1/3/2019 20:58,1.71,8.33,116,5.56,51.4
1/3/2019 20:28,1.84,9.09,114,5.38,51.4
1/3/2019 19:58,1.9,6.25,123,5.23,51.4
1/3/2019 19:28,2.1,5.88,113,5.28,51.4
1/3/2019 18:58,2.13,6.67,110,5.06,51.4
1/3/2019 18:28,2.26,5.88,109,5.17,51.4
1/3/2019 17:58,2.46,5.88,118,5.16,51.4
1/3/2019 17:28,2.4,6.25,107,5.05,51.4
1/3/2019 16:58,2.59,6.25,123,5.21,51.4
1/3/2019 16:28,2.69,5.88,113,5.18,51.3
1/3/2019 15:58,2.92,6.25,120,5.12,51.3
1/3/2019 15:28,2.99,6.25,117,5.1,51.3
1/3/2019 14:58,2.82,6.25,109,4.86,51.3
1/3/2019 14:28,2.99,6.67,114,5.06,51.3
1/3/2019 13:58,3.44,7.14,96,5.08,51.3
1/3/2019 13:28,3.84,6.67,103,4.97,51.3
1/3/2019 12:58,3.67,7.14,107,4.97,51.3
1/3/2019 12:28,3.84,7.14,107,4.87,51.3
1/3/2019 11:58,4,7.14,113,5,51.3
1/3/2019 11:28,3.81,7.14,109,4.95,51.3
1/3/2019 10:58,3.94,6.67,109,4.98,51.3
1/3/2019 10:28,3.9,7.14,104,5,51.4
1/3/2019 9:58,4.07,5.88,92,4.98,51.4
1/3/2019 9:28,4.04,6.67,106,4.92,51.4
1/3/2019 8:58,3.81,5.56,87,4.74,51.4
1/3/2019 8:28,4.07,5.88,89,4.9,51.4
1/3/2019 7:58,4.17,5.26,75,4.89,51.4
1/3/2019 7:28,3.94,5.88,103,4.82,51.4
1/3/2019 6:58,4,5.26,72,4.69,51.4
1/3/2019 6:28,3.81,5.88,89,4.85,51.4
1/3/2019 5:58,3.94,5.26,82,4.94,51.4
1/3/2019 5:28,3.81,5.56,75,5,51.4
1/3/2019 4:58,3.74,5.26,59,4.88,51.4
1/3/2019 4:28,3.51,5.56,71,4.89,51.4
1/3/2019 3:58,3.94,5.88,75,5.06,51.4
1/3/2019 3:28,3.71,5.26,69,4.85,51.4
1/3/2019 2:58,3.67,6.25,68,4.87,51.4
1/3/2019 2:28,3.87,5.26,55,4.84,51.4
1/3/2019 1:58,3.74,4.76,49,4.65,51.4
1/3/2019 1:28,3.64,6.67,69,4.72,51.4
1/3/2019 0:58,4.04,5.88,65,4.74,51.4
1/3/2019 0:28,4.04,5.26,30,4.62,51.4
1/2/2019 23:58,4.07,5.26,40,4.6,51.4
1/2/2019 23:28,3.97,5.26,30,4.57,51.4
1/2/2019 22:58,3.74,5,40,4.48,51.4
1/2/2019 22:28,4,4.76,33,4.48,51.4
1/2/2019 21:58,3.9,5.56,30,4.44,51.4
1/2/2019 21:28,3.9,5,21,4.45,51.4
1/2/2019 20:58,4.27,4.76,26,4.43,51.4
1/2/2019 20:28,4.49,5.26,35,4.48,51.4
1/2/2019 19:58,4.53,5.56,34,4.36,51.4
1/2/2019 19:28,4.79,5.26,33,4.35,51.4
1/2/2019 18:58,4.53,5.56,38,4.28,51.4
1/2/2019 18:28,4.89,5.56,35,4.43,51.4
1/2/2019 17:58,4.92,5.56,37,4.46,51.4
1/2/2019 17:28,5.05,5.56,33,4.31,51.3
1/2/2019 16:58,4.95,5.56,33,4.34,51.3
1/2/2019 16:28,5.12,5.88,40,4.36,51.3
1/2/2019 15:58,5.28,5.56,37,4.49,51.3
1/2/2019 15:28,5.15,5.56,41,4.33,51.3
1/2/2019 14:58,4.92,5.56,47,4.29,51.1
1/2/2019 14:28,4.99,5.26,44,4.31,51.1
1/2/2019 13:58,4.82,5.26,42,4.34,51.3
1/2/2019 13:28,4.43,4.76,47,4.16,51.3
1/2/2019 12:58,4.36,5.26,42,4.15,51.3
1/2/2019 12:28,4,4.76,45,4,51.4
1/2/2019 11:58,4.07,4.55,45,4.03,51.4
1/2/2019 11:28,3.81,4.17,44,4,51.4
1/2/2019 10:58,3.64,4.17,47,3.88,51.6
1/2/2019 10:28,3.54,4,45,3.87,51.6
1/2/2019 9:58,3.25,3.85,47,3.82,51.6
1/2/2019 9:28,3.08,3.33,23,3.78,51.6
1/2/2019 8:58,2.82,9.09,127,3.94,51.6
1/2/2019 8:28,2.62,4.35,82,4.05,51.6
1/2/2019 7:58,2.46,13.33,72,4.16,51.6
1/2/2019 7:28,2.53,12.5,76,4.47,51.6
1/2/2019 6:58,2.49,9.09,114,4.26,51.6
1/2/2019 6:28,2.49,13.33,66,4.45,51.6
1/2/2019 5:58,2.59,6.25,154,4.45,51.8
1/2/2019 5:28,2.66,12.5,71,4.24,51.8
1/2/2019 4:58,2.69,6.67,152,4.35,51.8
1/2/2019 4:28,2.82,6.25,156,4.56,51.8
1/2/2019 3:58,2.76,13.33,65,4.61,52
1/2/2019 3:28,2.89,6.67,159,4.72,52
1/2/2019 2:58,2.82,6.67,156,4.67,52
1/2/2019 2:28,2.95,6.67,156,4.74,52
1/2/2019 1:58,2.95,5.88,139,4.85,52.2
1/2/2019 1:28,2.95,6.67,156,4.9,52.2
1/2/2019 0:58,3.08,6.67,159,4.99,52.2
1/2/2019 0:28,2.79,7.14,151,5.28,52.2
1/1/2019 23:58,2.92,6.67,163,5.47,52.2
1/1/2019 23:28,2.72,6.25,151,5.4,52.2
1/1/2019 22:58,2.82,13.33,75,5.73,52.2
1/1/2019 22:28,2.99,6.67,163,5.75,52.2
1/1/2019 21:58,2.85,6.67,161,5.77,52.2
1/1/2019 21:28,3.02,6.67,158,5.81,52.2
1/1/2019 20:58,3.05,7.14,147,5.51,52.2
1/1/2019 20:28,3.28,7.14,147,5.43,52.2
1/1/2019 19:58,3.41,7.14,148,5.13,52.2
1/1/2019 19:28,3.81,7.14,148,5.16,52.2
1/1/2019 18:58,3.94,7.14,148,5.17,52.2
1/1/2019 18:28,4.04,7.14,149,5.43,52
1/1/2019 17:58,3.9,6.67,158,5.27,51.8
1/1/2019 17:28,4.36,6.67,151,5.38,51.6
1/1/2019 16:58,4.17,6.67,145,5.32,51.6
1/1/2019 16:28,4.4,7.14,149,5.31,51.4
1/1/2019 15:58,4.49,6.67,147,5.31,51.1
1/1/2019 15:28,4.63,6.25,154,5.41,51.1
1/1/2019 14:58,4.63,6.67,145,5.37,51.1
1/1/2019 14:28,4.63,7.14,134,5.55,51.1
1/1/2019 13:58,4.89,6.25,145,5.48,51.1
1/1/2019 13:28,4.66,6.67,144,5.33,51.3
1/1/2019 12:58,4.76,7.14,135,5.39,51.4
1/1/2019 12:28,4.86,7.14,130,5.39,51.4
1/1/2019 11:58,4.2,6.67,132,5.16,51.4
1/1/2019 11:28,4.17,6.67,131,5.17,51.3
1/1/2019 10:58,4.33,6.25,142,5.2,51.4
1/1/2019 10:28,4.49,7.14,124,5.29,51.4
1/1/2019 9:58,4.63,6.67,138,5.36,51.4
1/1/2019 9:28,4.36,7.14,125,5.42,51.4
1/1/2019 8:58,4.36,6.67,142,5.3,51.4
1/1/2019 8:28,4.86,7.14,130,5.36,51.4
1/1/2019 7:58,4.86,6.67,139,5.14,51.4
1/1/2019 7:28,5.02,6.25,132,5.29,51.4
1/1/2019 6:58,4.76,6.67,127,5.33,51.4
1/1/2019 6:28,5.09,6.67,128,5.39,51.4
1/1/2019 5:58,4.72,5.88,137,5.19,51.4
1/1/2019 5:28,4.66,5.88,128,5.35,51.4
1/1/2019 4:58,4.92,6.25,120,5.73,51.4
1/1/2019 4:28,4.53,6.25,124,5.57,51.4
1/1/2019 3:58,4.63,6.25,121,5.75,51.4
1/1/2019 3:28,4.72,6.25,124,5.63,51.4
1/1/2019 2:58,4.43,5.88,131,5.54,51.4
1/1/2019 2:28,4.4,5.88,116,5.56,51.3
1/1/2019 1:58,4.2,5.88,111,5.49,51.3
1/1/2019 1:28,4.07,6.25,116,5.62,51.4
1/1/2019 0:58,3.71,5.56,109,5.64,51.3
1/1/2019 0:28,3.58,5.56,103,5.49,51.3
